week_start_date,product_id,product_name,units_sold,price,discount_pct,revenue,region,avg_gas_price,cpi
2023-12-31,P1,Product_1,87,49.87,0,4338.69,USA,,
2023-12-31,P2,Product_2,187,18.6,15,2956.4700000000003,USA,,
2023-12-31,P3,Product_3,194,22.85,15,3767.965,USA,,
2023-12-31,P4,Product_4,184,47.1,0,8666.4,USA,,
2023-12-31,P5,Product_5,151,35.83,15,4598.7805,USA,,
2023-12-31,P6,Product_6,192,35.17,15,5739.744,USA,,
2023-12-31,P7,Product_7,146,40.03,5,5552.161,USA,,
2023-12-31,P8,Product_8,187,41.12,5,7304.967999999999,USA,,
2023-12-31,P9,Product_9,72,28.32,0,2039.04,USA,,
2023-12-31,P10,Product_10,110,42.31,0,4654.1,USA,,
2023-12-31,P11,Product_11,191,17.29,10,2972.151,USA,,
2023-12-31,P12,Product_12,171,35.17,15,5111.959500000001,USA,,
2023-12-31,P13,Product_13,181,35.22,5,6056.079,USA,,
2023-12-31,P14,Product_14,107,13.89,0,1486.23,USA,,
2023-12-31,P15,Product_15,93,35.89,0,3337.77,USA,,
2023-12-31,P16,Product_16,130,5.82,5,718.77,USA,,
2023-12-31,P17,Product_17,65,34.73,5,2144.5775,USA,,
2023-12-31,P18,Product_18,161,25.08,15,3432.1979999999994,USA,,
2023-12-31,P19,Product_19,76,8.3,10,567.72,USA,,
2023-12-31,P20,Product_20,59,9.33,10,495.42300000000006,USA,,
2023-12-31,P21,Product_21,73,10.38,15,644.079,USA,,
2023-12-31,P22,Product_22,107,35.55,0,3803.85,USA,,
2023-12-31,P23,Product_23,82,16.95,15,1181.415,USA,,
2023-12-31,P24,Product_24,193,7.4,5,1356.79,USA,,
2023-12-31,P25,Product_25,142,31.52,10,4028.2560000000003,USA,,
2023-12-31,P26,Product_26,115,36.25,15,3543.4375,USA,,
2023-12-31,P27,Product_27,178,7.25,5,1225.975,USA,,
2023-12-31,P28,Product_28,56,34.87,10,1757.4479999999999,USA,,
2023-12-31,P29,Product_29,52,47.51,5,2346.9939999999997,USA,,
2023-12-31,P30,Product_30,57,29.34,15,1421.523,USA,,
2023-12-31,P31,Product_31,126,45.15,10,5120.01,USA,,
2023-12-31,P32,Product_32,86,29.23,5,2388.091,USA,,
2023-12-31,P33,Product_33,107,20.65,10,1988.5949999999998,USA,,
2023-12-31,P34,Product_34,146,37.67,15,4674.847000000001,USA,,
2023-12-31,P35,Product_35,174,33.07,5,5466.4710000000005,USA,,
2023-12-31,P36,Product_36,198,21.04,5,3957.624,USA,,
2023-12-31,P37,Product_37,144,44.66,0,6431.039999999999,USA,,
2023-12-31,P38,Product_38,132,27.41,10,3256.308,USA,,
2023-12-31,P39,Product_39,153,7.88,10,1085.076,USA,,
2023-12-31,P40,Product_40,146,47.38,10,6225.732000000001,USA,,
2023-12-31,P41,Product_41,121,39.72,10,4325.508,USA,,
2023-12-31,P42,Product_42,65,39.77,10,2326.545,USA,,
2023-12-31,P43,Product_43,70,31.04,10,1955.5199999999998,USA,,
2023-12-31,P44,Product_44,191,21.08,5,3824.9659999999994,USA,,
2023-12-31,P45,Product_45,134,26.03,15,2964.817,USA,,
2023-12-31,P46,Product_46,111,42.43,5,4474.2435,USA,,
2023-12-31,P47,Product_47,146,12.76,5,1769.812,USA,,
2023-12-31,P48,Product_48,192,13.64,0,2618.88,USA,,
2023-12-31,P49,Product_49,93,15.37,0,1429.4099999999999,USA,,
2023-12-31,P50,Product_50,193,46.54,5,8533.108999999999,USA,,
2024-01-07,P1,Product_1,103,5.89,5,576.3364999999999,USA,,
2024-01-07,P2,Product_2,71,27.94,15,1686.1789999999999,USA,,
2024-01-07,P3,Product_3,163,29.25,0,4767.75,USA,,
2024-01-07,P4,Product_4,95,17.52,0,1664.3999999999999,USA,,
2024-01-07,P5,Product_5,95,31.36,10,2681.2799999999997,USA,,
2024-01-07,P6,Product_6,96,21.55,15,1758.48,USA,,
2024-01-07,P7,Product_7,125,18.04,5,2142.25,USA,,
2024-01-07,P8,Product_8,83,32.58,15,2298.519,USA,,
2024-01-07,P9,Product_9,98,38.83,5,3615.0729999999994,USA,,
2024-01-07,P10,Product_10,105,11.14,0,1169.7,USA,,
2024-01-07,P11,Product_11,124,47.17,15,4971.718,USA,,
2024-01-07,P12,Product_12,82,40.19,5,3130.801,USA,,
2024-01-07,P13,Product_13,100,6.62,0,662.0,USA,,
2024-01-07,P14,Product_14,158,10.84,5,1627.084,USA,,
2024-01-07,P15,Product_15,70,30.56,10,1925.28,USA,,
2024-01-07,P16,Product_16,192,11.85,15,1933.9199999999998,USA,,
2024-01-07,P17,Product_17,136,21.7,5,2803.64,USA,,
2024-01-07,P18,Product_18,160,15.79,10,2273.7599999999998,USA,,
2024-01-07,P19,Product_19,150,32.9,15,4194.75,USA,,
2024-01-07,P20,Product_20,74,39.17,10,2608.722,USA,,
2024-01-07,P21,Product_21,183,32.28,5,5611.878,USA,,
2024-01-07,P22,Product_22,137,19.28,10,2377.224,USA,,
2024-01-07,P23,Product_23,195,29.79,0,5809.05,USA,,
2024-01-07,P24,Product_24,195,16.92,5,3134.4300000000003,USA,,
2024-01-07,P25,Product_25,88,33.34,5,2787.224,USA,,
2024-01-07,P26,Product_26,120,38.87,0,4664.4,USA,,
2024-01-07,P27,Product_27,98,16.71,0,1637.5800000000002,USA,,
2024-01-07,P28,Product_28,155,13.7,10,1911.15,USA,,
2024-01-07,P29,Product_29,66,42.78,0,2823.48,USA,,
2024-01-07,P30,Product_30,101,7.97,15,684.2245,USA,,
2024-01-07,P31,Product_31,118,39.75,15,3986.9249999999997,USA,,
2024-01-07,P32,Product_32,71,46.94,15,2832.8289999999997,USA,,
2024-01-07,P33,Product_33,138,37.79,10,4693.518,USA,,
2024-01-07,P34,Product_34,121,47.76,5,5490.012,USA,,
2024-01-07,P35,Product_35,193,46.2,0,8916.6,USA,,
2024-01-07,P36,Product_36,164,12.51,0,2051.64,USA,,
2024-01-07,P37,Product_37,87,25.34,10,1984.122,USA,,
2024-01-07,P38,Product_38,126,21.58,15,2311.218,USA,,
2024-01-07,P39,Product_39,175,11.08,10,1745.1000000000001,USA,,
2024-01-07,P40,Product_40,88,5.97,5,499.092,USA,,
2024-01-07,P41,Product_41,119,42.22,15,4270.553,USA,,
2024-01-07,P42,Product_42,123,27.64,15,2889.762,USA,,
2024-01-07,P43,Product_43,93,29.05,15,2296.4025,USA,,
2024-01-07,P44,Product_44,144,20.96,0,3018.2400000000002,USA,,
2024-01-07,P45,Product_45,80,15.87,10,1142.6399999999999,USA,,
2024-01-07,P46,Product_46,148,48.46,10,6454.872,USA,,
2024-01-07,P47,Product_47,190,20.58,15,3323.6699999999996,USA,,
2024-01-07,P48,Product_48,111,47.75,0,5300.25,USA,,
2024-01-07,P49,Product_49,73,47.88,10,3145.7160000000003,USA,,
2024-01-07,P50,Product_50,145,19.19,5,2643.4225,USA,,
2024-01-14,P1,Product_1,138,29.48,5,3864.828,USA,,
2024-01-14,P2,Product_2,132,7.17,5,899.1179999999999,USA,,
2024-01-14,P3,Product_3,86,7.24,10,560.376,USA,,
2024-01-14,P4,Product_4,165,30.96,5,4852.9800000000005,USA,,
2024-01-14,P5,Product_5,85,40.38,10,3089.07,USA,,
2024-01-14,P6,Product_6,143,32.21,10,4145.427,USA,,
2024-01-14,P7,Product_7,130,30.86,0,4011.7999999999997,USA,,
2024-01-14,P8,Product_8,180,17.85,5,3052.3500000000004,USA,,
2024-01-14,P9,Product_9,171,38.75,0,6626.25,USA,,
2024-01-14,P10,Product_10,68,38.98,15,2253.044,USA,,
2024-01-14,P11,Product_11,96,5.21,15,425.13599999999997,USA,,
2024-01-14,P12,Product_12,162,26.03,10,3795.1740000000004,USA,,
2024-01-14,P13,Product_13,148,15.81,15,1988.8980000000001,USA,,
2024-01-14,P14,Product_14,76,10.86,10,742.824,USA,,
2024-01-14,P15,Product_15,177,12.55,5,2110.2825,USA,,
2024-01-14,P16,Product_16,61,5.45,0,332.45,USA,,
2024-01-14,P17,Product_17,192,6.44,15,1051.008,USA,,
2024-01-14,P18,Product_18,173,28.29,15,4160.0445,USA,,
2024-01-14,P19,Product_19,172,29.33,5,4792.521999999999,USA,,
2024-01-14,P20,Product_20,196,8.76,5,1631.1119999999999,USA,,
2024-01-14,P21,Product_21,102,24.97,10,2292.246,USA,,
2024-01-14,P22,Product_22,171,8.02,15,1165.7069999999999,USA,,
2024-01-14,P23,Product_23,66,8.07,15,452.727,USA,,
2024-01-14,P24,Product_24,64,7.0,0,448.0,USA,,
2024-01-14,P25,Product_25,190,28.5,5,5144.25,USA,,
2024-01-14,P26,Product_26,60,26.38,15,1345.3799999999999,USA,,
2024-01-14,P27,Product_27,183,42.75,5,7432.0875,USA,,
2024-01-14,P28,Product_28,92,29.31,5,2561.694,USA,,
2024-01-14,P29,Product_29,106,14.84,10,1415.736,USA,,
2024-01-14,P30,Product_30,167,26.61,0,4443.87,USA,,
2024-01-14,P31,Product_31,98,5.4,0,529.2,USA,,
2024-01-14,P32,Product_32,127,43.33,0,5502.91,USA,,
2024-01-14,P33,Product_33,168,32.75,0,5502.0,USA,,
2024-01-14,P34,Product_34,181,9.59,10,1562.211,USA,,
2024-01-14,P35,Product_35,126,26.47,5,3168.459,USA,,
2024-01-14,P36,Product_36,193,32.98,10,5728.625999999999,USA,,
2024-01-14,P37,Product_37,190,34.44,15,5562.0599999999995,USA,,
2024-01-14,P38,Product_38,183,38.82,0,7104.06,USA,,
2024-01-14,P39,Product_39,81,37.19,0,3012.39,USA,,
2024-01-14,P40,Product_40,74,22.68,5,1594.4039999999998,USA,,
2024-01-14,P41,Product_41,197,20.85,0,4107.450000000001,USA,,
2024-01-14,P42,Product_42,89,33.11,10,2652.111,USA,,
2024-01-14,P43,Product_43,92,43.44,10,3596.832,USA,,
2024-01-14,P44,Product_44,88,34.31,10,2717.3520000000003,USA,,
2024-01-14,P45,Product_45,55,40.98,15,1915.8149999999996,USA,,
2024-01-14,P46,Product_46,186,48.63,5,8592.921,USA,,
2024-01-14,P47,Product_47,57,19.12,5,1035.3480000000002,USA,,
2024-01-14,P48,Product_48,128,35.26,15,3836.2879999999996,USA,,
2024-01-14,P49,Product_49,127,28.07,10,3208.401,USA,,
2024-01-14,P50,Product_50,59,7.05,15,353.5575,USA,,
2024-01-21,P1,Product_1,104,48.56,15,4292.704,USA,,
2024-01-21,P2,Product_2,130,29.93,0,3890.9,USA,,
2024-01-21,P3,Product_3,196,14.14,10,2494.2960000000003,USA,,
2024-01-21,P4,Product_4,102,28.69,10,2633.742,USA,,
2024-01-21,P5,Product_5,113,21.01,10,2136.717,USA,,
2024-01-21,P6,Product_6,89,46.29,5,3913.819499999999,USA,,
2024-01-21,P7,Product_7,153,43.81,0,6702.93,USA,,
2024-01-21,P8,Product_8,156,36.09,15,4785.534000000001,USA,,
2024-01-21,P9,Product_9,141,24.89,15,2983.0665,USA,,
2024-01-21,P10,Product_10,101,26.9,10,2445.2099999999996,USA,,
2024-01-21,P11,Product_11,152,15.14,10,2071.152,USA,,
2024-01-21,P12,Product_12,55,25.56,5,1335.51,USA,,
2024-01-21,P13,Product_13,166,14.54,10,2172.276,USA,,
2024-01-21,P14,Product_14,196,18.38,10,3242.232,USA,,
2024-01-21,P15,Product_15,102,31.7,5,3071.73,USA,,
2024-01-21,P16,Product_16,171,38.74,15,5630.8589999999995,USA,,
2024-01-21,P17,Product_17,136,14.88,0,2023.68,USA,,
2024-01-21,P18,Product_18,77,30.39,15,1989.0255000000002,USA,,
2024-01-21,P19,Product_19,129,21.74,10,2524.0139999999997,USA,,
2024-01-21,P20,Product_20,61,17.02,5,986.309,USA,,
2024-01-21,P21,Product_21,65,24.29,10,1420.965,USA,,
2024-01-21,P22,Product_22,95,33.52,10,2865.96,USA,,
2024-01-21,P23,Product_23,159,25.63,0,4075.1699999999996,USA,,
2024-01-21,P24,Product_24,194,43.06,0,8353.640000000001,USA,,
2024-01-21,P25,Product_25,178,34.53,10,5531.706,USA,,
2024-01-21,P26,Product_26,169,38.09,10,5793.489000000001,USA,,
2024-01-21,P27,Product_27,76,8.0,0,608.0,USA,,
2024-01-21,P28,Product_28,138,10.1,10,1254.42,USA,,
2024-01-21,P29,Product_29,144,38.97,15,4769.928,USA,,
2024-01-21,P30,Product_30,168,42.63,15,6087.564,USA,,
2024-01-21,P31,Product_31,189,31.34,0,5923.26,USA,,
2024-01-21,P32,Product_32,118,8.88,5,995.4480000000001,USA,,
2024-01-21,P33,Product_33,90,40.08,10,3246.48,USA,,
2024-01-21,P34,Product_34,83,34.42,10,2571.174,USA,,
2024-01-21,P35,Product_35,182,37.36,10,6119.567999999999,USA,,
2024-01-21,P36,Product_36,153,32.4,5,4709.339999999999,USA,,
2024-01-21,P37,Product_37,146,47.8,5,6629.859999999999,USA,,
2024-01-21,P38,Product_38,142,40.82,15,4926.973999999999,USA,,
2024-01-21,P39,Product_39,147,32.69,0,4805.429999999999,USA,,
2024-01-21,P40,Product_40,88,36.32,10,2876.544,USA,,
2024-01-21,P41,Product_41,51,38.54,5,1867.263,USA,,
2024-01-21,P42,Product_42,163,49.99,0,8148.37,USA,,
2024-01-21,P43,Product_43,164,12.8,15,1784.3200000000002,USA,,
2024-01-21,P44,Product_44,116,41.57,10,4339.908,USA,,
2024-01-21,P45,Product_45,55,41.86,10,2072.07,USA,,
2024-01-21,P46,Product_46,122,49.21,0,6003.62,USA,,
2024-01-21,P47,Product_47,194,29.01,0,5627.9400000000005,USA,,
2024-01-21,P48,Product_48,91,45.98,5,3974.970999999999,USA,,
2024-01-21,P49,Product_49,96,7.02,0,673.92,USA,,
2024-01-21,P50,Product_50,112,42.91,5,4565.624,USA,,
2024-01-28,P1,Product_1,95,26.79,15,2163.2924999999996,USA,,
2024-01-28,P2,Product_2,107,28.49,0,3048.43,USA,,
2024-01-28,P3,Product_3,83,43.68,5,3444.1679999999997,USA,,
2024-01-28,P4,Product_4,101,36.06,15,3095.751,USA,,
2024-01-28,P5,Product_5,191,33.27,0,6354.570000000001,USA,,
2024-01-28,P6,Product_6,193,5.42,15,889.151,USA,,
2024-01-28,P7,Product_7,111,19.01,10,1899.0990000000002,USA,,
2024-01-28,P8,Product_8,80,16.13,5,1225.8799999999999,USA,,
2024-01-28,P9,Product_9,96,44.89,0,4309.4400000000005,USA,,
2024-01-28,P10,Product_10,90,46.41,10,3759.2099999999996,USA,,
2024-01-28,P11,Product_11,182,21.04,0,3829.2799999999997,USA,,
2024-01-28,P12,Product_12,199,32.32,5,6110.096,USA,,
2024-01-28,P13,Product_13,169,13.33,15,1914.8545,USA,,
2024-01-28,P14,Product_14,153,15.82,5,2299.437,USA,,
2024-01-28,P15,Product_15,119,22.96,10,2459.016,USA,,
2024-01-28,P16,Product_16,156,7.32,5,1084.824,USA,,
2024-01-28,P17,Product_17,88,40.04,0,3523.52,USA,,
2024-01-28,P18,Product_18,116,30.68,0,3558.88,USA,,
2024-01-28,P19,Product_19,66,41.76,0,2756.16,USA,,
2024-01-28,P20,Product_20,158,18.69,5,2805.3689999999997,USA,,
2024-01-28,P21,Product_21,168,37.0,10,5594.400000000001,USA,,
2024-01-28,P22,Product_22,157,8.08,5,1205.1319999999998,USA,,
2024-01-28,P23,Product_23,122,19.39,0,2365.58,USA,,
2024-01-28,P24,Product_24,147,48.78,10,6453.594,USA,,
2024-01-28,P25,Product_25,64,42.09,5,2559.072,USA,,
2024-01-28,P26,Product_26,135,35.09,10,4263.435,USA,,
2024-01-28,P27,Product_27,168,49.12,5,7839.552,USA,,
2024-01-28,P28,Product_28,177,37.85,5,6364.4775,USA,,
2024-01-28,P29,Product_29,149,25.58,5,3620.8489999999993,USA,,
2024-01-28,P30,Product_30,157,39.12,0,6141.839999999999,USA,,
2024-01-28,P31,Product_31,193,49.3,0,9514.9,USA,,
2024-01-28,P32,Product_32,120,20.24,0,2428.7999999999997,USA,,
2024-01-28,P33,Product_33,70,16.4,5,1090.6,USA,,
2024-01-28,P34,Product_34,102,5.81,10,533.3580000000001,USA,,
2024-01-28,P35,Product_35,114,44.2,15,4282.9800000000005,USA,,
2024-01-28,P36,Product_36,199,22.86,5,4321.683,USA,,
2024-01-28,P37,Product_37,88,46.95,0,4131.6,USA,,
2024-01-28,P38,Product_38,68,48.87,0,3323.16,USA,,
2024-01-28,P39,Product_39,89,46.17,15,3492.7605,USA,,
2024-01-28,P40,Product_40,87,5.24,0,455.88,USA,,
2024-01-28,P41,Product_41,148,43.67,10,5816.844,USA,,
2024-01-28,P42,Product_42,51,34.21,5,1657.4745,USA,,
2024-01-28,P43,Product_43,57,31.03,10,1591.8390000000002,USA,,
2024-01-28,P44,Product_44,93,35.23,5,3112.5705,USA,,
2024-01-28,P45,Product_45,147,43.51,10,5756.373,USA,,
2024-01-28,P46,Product_46,132,38.63,10,4589.244000000001,USA,,
2024-01-28,P47,Product_47,199,28.59,0,5689.41,USA,,
2024-01-28,P48,Product_48,187,14.62,15,2323.849,USA,,
2024-01-28,P49,Product_49,113,18.89,15,1814.3845000000001,USA,,
2024-01-28,P50,Product_50,175,14.96,15,2225.2999999999997,USA,,
2024-02-04,P1,Product_1,179,13.95,5,2372.1974999999998,USA,,
2024-02-04,P2,Product_2,118,21.97,15,2203.591,USA,,
2024-02-04,P3,Product_3,106,35.36,15,3185.9359999999997,USA,,
2024-02-04,P4,Product_4,159,8.62,5,1302.051,USA,,
2024-02-04,P5,Product_5,61,14.34,10,787.2660000000001,USA,,
2024-02-04,P6,Product_6,138,28.3,10,3514.86,USA,,
2024-02-04,P7,Product_7,55,26.32,10,1302.84,USA,,
2024-02-04,P8,Product_8,71,32.81,5,2213.0345,USA,,
2024-02-04,P9,Product_9,191,26.51,5,4810.2395,USA,,
2024-02-04,P10,Product_10,175,39.78,10,6265.35,USA,,
2024-02-04,P11,Product_11,192,47.07,5,8585.568,USA,,
2024-02-04,P12,Product_12,122,19.8,10,2174.04,USA,,
2024-02-04,P13,Product_13,51,33.98,15,1473.0329999999997,USA,,
2024-02-04,P14,Product_14,162,14.48,10,2111.184,USA,,
2024-02-04,P15,Product_15,98,38.7,15,3223.71,USA,,
2024-02-04,P16,Product_16,53,31.87,5,1604.6545,USA,,
2024-02-04,P17,Product_17,148,47.54,15,5980.532,USA,,
2024-02-04,P18,Product_18,116,20.21,5,2227.142,USA,,
2024-02-04,P19,Product_19,76,38.71,15,2500.666,USA,,
2024-02-04,P20,Product_20,181,8.7,5,1495.9649999999997,USA,,
2024-02-04,P21,Product_21,109,8.43,5,872.9264999999999,USA,,
2024-02-04,P22,Product_22,186,37.44,10,6267.455999999999,USA,,
2024-02-04,P23,Product_23,126,30.94,15,3313.674,USA,,
2024-02-04,P24,Product_24,134,37.42,10,4512.852000000001,USA,,
2024-02-04,P25,Product_25,57,30.58,0,1743.06,USA,,
2024-02-04,P26,Product_26,132,45.2,5,5668.08,USA,,
2024-02-04,P27,Product_27,134,12.97,0,1737.98,USA,,
2024-02-04,P28,Product_28,139,40.42,15,4775.623,USA,,
2024-02-04,P29,Product_29,67,28.76,15,1637.882,USA,,
2024-02-04,P30,Product_30,188,11.75,5,2098.5499999999997,USA,,
2024-02-04,P31,Product_31,57,39.16,10,2008.908,USA,,
2024-02-04,P32,Product_32,111,12.94,5,1364.523,USA,,
2024-02-04,P33,Product_33,78,46.76,15,3100.1879999999996,USA,,
2024-02-04,P34,Product_34,105,23.14,10,2186.7300000000005,USA,,
2024-02-04,P35,Product_35,142,37.26,5,5026.374,USA,,
2024-02-04,P36,Product_36,127,9.12,10,1042.416,USA,,
2024-02-04,P37,Product_37,54,15.3,5,784.89,USA,,
2024-02-04,P38,Product_38,126,28.71,10,3255.714,USA,,
2024-02-04,P39,Product_39,165,12.97,15,1819.0425,USA,,
2024-02-04,P40,Product_40,164,23.08,0,3785.12,USA,,
2024-02-04,P41,Product_41,145,5.14,10,670.77,USA,,
2024-02-04,P42,Product_42,108,15.77,15,1447.686,USA,,
2024-02-04,P43,Product_43,60,21.04,0,1262.3999999999999,USA,,
2024-02-04,P44,Product_44,59,13.04,10,692.424,USA,,
2024-02-04,P45,Product_45,117,14.06,5,1562.769,USA,,
2024-02-04,P46,Product_46,124,33.34,5,3927.4520000000007,USA,,
2024-02-04,P47,Product_47,103,6.8,5,665.38,USA,,
2024-02-04,P48,Product_48,58,31.94,10,1667.268,USA,,
2024-02-04,P49,Product_49,156,16.79,5,2488.278,USA,,
2024-02-04,P50,Product_50,64,45.72,0,2926.08,USA,,
2024-02-11,P1,Product_1,59,44.48,0,2624.3199999999997,USA,,
2024-02-11,P2,Product_2,157,40.3,5,6010.744999999999,USA,,
2024-02-11,P3,Product_3,92,34.53,0,3176.76,USA,,
2024-02-11,P4,Product_4,135,10.9,10,1324.3500000000001,USA,,
2024-02-11,P5,Product_5,186,27.71,5,4896.357,USA,,
2024-02-11,P6,Product_6,68,42.93,15,2481.354,USA,,
2024-02-11,P7,Product_7,126,46.31,5,5543.307,USA,,
2024-02-11,P8,Product_8,149,43.16,15,5466.213999999999,USA,,
2024-02-11,P9,Product_9,112,36.53,15,3477.656,USA,,
2024-02-11,P10,Product_10,82,47.7,0,3911.4,USA,,
2024-02-11,P11,Product_11,143,13.11,5,1780.9935,USA,,
2024-02-11,P12,Product_12,118,8.5,5,952.8499999999999,USA,,
2024-02-11,P13,Product_13,59,43.7,15,2191.5550000000003,USA,,
2024-02-11,P14,Product_14,70,8.83,15,525.385,USA,,
2024-02-11,P15,Product_15,142,43.68,15,5272.176,USA,,
2024-02-11,P16,Product_16,54,28.96,15,1329.2640000000001,USA,,
2024-02-11,P17,Product_17,126,45.32,10,5139.288,USA,,
2024-02-11,P18,Product_18,133,43.55,0,5792.15,USA,,
2024-02-11,P19,Product_19,124,35.76,0,4434.24,USA,,
2024-02-11,P20,Product_20,80,29.14,10,2098.08,USA,,
2024-02-11,P21,Product_21,196,47.27,10,8338.428,USA,,
2024-02-11,P22,Product_22,145,30.28,10,3951.5400000000004,USA,,
2024-02-11,P23,Product_23,163,36.9,10,5413.23,USA,,
2024-02-11,P24,Product_24,114,5.11,0,582.5400000000001,USA,,
2024-02-11,P25,Product_25,159,14.79,0,2351.6099999999997,USA,,
2024-02-11,P26,Product_26,100,40.0,10,3600.0,USA,,
2024-02-11,P27,Product_27,76,34.15,5,2465.63,USA,,
2024-02-11,P28,Product_28,68,18.99,10,1162.1879999999999,USA,,
2024-02-11,P29,Product_29,109,15.86,10,1555.866,USA,,
2024-02-11,P30,Product_30,118,49.21,15,4935.763,USA,,
2024-02-11,P31,Product_31,69,17.69,5,1159.5795,USA,,
2024-02-11,P32,Product_32,199,25.56,0,5086.44,USA,,
2024-02-11,P33,Product_33,58,32.62,10,1702.764,USA,,
2024-02-11,P34,Product_34,118,7.82,0,922.76,USA,,
2024-02-11,P35,Product_35,177,18.29,15,2751.7304999999997,USA,,
2024-02-11,P36,Product_36,139,8.26,10,1033.326,USA,,
2024-02-11,P37,Product_37,63,41.48,10,2351.9159999999997,USA,,
2024-02-11,P38,Product_38,188,16.11,15,2574.3779999999997,USA,,
2024-02-11,P39,Product_39,171,25.24,10,3884.436,USA,,
2024-02-11,P40,Product_40,117,22.55,0,2638.35,USA,,
2024-02-11,P41,Product_41,85,23.75,10,1816.875,USA,,
2024-02-11,P42,Product_42,128,40.09,15,4361.792,USA,,
2024-02-11,P43,Product_43,130,20.39,15,2253.0950000000003,USA,,
2024-02-11,P44,Product_44,56,36.47,10,1838.088,USA,,
2024-02-11,P45,Product_45,140,16.4,0,2296.0,USA,,
2024-02-11,P46,Product_46,135,24.11,15,2766.6225,USA,,
2024-02-11,P47,Product_47,171,20.99,15,3050.8964999999994,USA,,
2024-02-11,P48,Product_48,83,33.42,15,2357.781,USA,,
2024-02-11,P49,Product_49,57,27.62,5,1495.623,USA,,
2024-02-11,P50,Product_50,77,30.06,10,2083.158,USA,,
2024-02-18,P1,Product_1,150,44.39,5,6325.575,USA,,
2024-02-18,P2,Product_2,96,24.3,5,2216.16,USA,,
2024-02-18,P3,Product_3,50,34.8,5,1652.9999999999998,USA,,
2024-02-18,P4,Product_4,77,43.09,10,2986.137,USA,,
2024-02-18,P5,Product_5,199,24.2,10,4334.22,USA,,
2024-02-18,P6,Product_6,85,27.93,15,2017.9425,USA,,
2024-02-18,P7,Product_7,72,43.68,10,2830.464,USA,,
2024-02-18,P8,Product_8,92,33.51,0,3082.9199999999996,USA,,
2024-02-18,P9,Product_9,132,26.18,0,3455.7599999999998,USA,,
2024-02-18,P10,Product_10,111,47.67,10,4762.233,USA,,
2024-02-18,P11,Product_11,181,33.76,10,5499.504,USA,,
2024-02-18,P12,Product_12,65,24.26,10,1419.21,USA,,
2024-02-18,P13,Product_13,156,43.25,0,6747.0,USA,,
2024-02-18,P14,Product_14,148,31.07,15,3908.6059999999998,USA,,
2024-02-18,P15,Product_15,194,7.82,10,1365.372,USA,,
2024-02-18,P16,Product_16,137,24.02,15,2797.129,USA,,
2024-02-18,P17,Product_17,99,33.07,15,2782.8405,USA,,
2024-02-18,P18,Product_18,123,33.95,10,3758.2650000000003,USA,,
2024-02-18,P19,Product_19,62,35.08,5,2066.212,USA,,
2024-02-18,P20,Product_20,189,38.62,15,6204.302999999999,USA,,
2024-02-18,P21,Product_21,104,40.79,5,4030.0519999999997,USA,,
2024-02-18,P22,Product_22,169,6.28,15,902.122,USA,,
2024-02-18,P23,Product_23,129,15.31,15,1678.7414999999999,USA,,
2024-02-18,P24,Product_24,106,11.7,10,1116.1799999999998,USA,,
2024-02-18,P25,Product_25,198,38.2,10,6807.240000000001,USA,,
2024-02-18,P26,Product_26,117,46.44,15,4618.458,USA,,
2024-02-18,P27,Product_27,183,28.0,15,4355.4,USA,,
2024-02-18,P28,Product_28,74,7.92,15,498.168,USA,,
2024-02-18,P29,Product_29,101,28.25,15,2425.2625,USA,,
2024-02-18,P30,Product_30,170,13.12,10,2007.3600000000001,USA,,
2024-02-18,P31,Product_31,166,9.53,5,1502.8809999999996,USA,,
2024-02-18,P32,Product_32,119,42.14,10,4513.194,USA,,
2024-02-18,P33,Product_33,89,14.74,10,1180.6740000000002,USA,,
2024-02-18,P34,Product_34,74,11.79,15,741.5909999999999,USA,,
2024-02-18,P35,Product_35,51,11.4,5,552.3299999999999,USA,,
2024-02-18,P36,Product_36,67,20.08,15,1143.5559999999998,USA,,
2024-02-18,P37,Product_37,125,36.61,0,4576.25,USA,,
2024-02-18,P38,Product_38,140,5.25,10,661.5,USA,,
2024-02-18,P39,Product_39,165,38.71,15,5429.0775,USA,,
2024-02-18,P40,Product_40,129,27.66,10,3211.326,USA,,
2024-02-18,P41,Product_41,137,9.92,15,1155.184,USA,,
2024-02-18,P42,Product_42,142,27.5,5,3709.75,USA,,
2024-02-18,P43,Product_43,124,11.46,10,1278.9360000000001,USA,,
2024-02-18,P44,Product_44,106,22.96,0,2433.76,USA,,
2024-02-18,P45,Product_45,126,13.51,10,1532.034,USA,,
2024-02-18,P46,Product_46,112,32.39,0,3627.6800000000003,USA,,
2024-02-18,P47,Product_47,78,22.46,0,1751.88,USA,,
2024-02-18,P48,Product_48,147,47.49,15,5933.8755,USA,,
2024-02-18,P49,Product_49,144,31.3,5,4281.839999999999,USA,,
2024-02-18,P50,Product_50,102,20.42,0,2082.84,USA,,
2024-02-25,P1,Product_1,159,39.24,10,5615.244000000001,USA,,
2024-02-25,P2,Product_2,60,18.11,10,977.9399999999999,USA,,
2024-02-25,P3,Product_3,153,48.12,5,6994.241999999999,USA,,
2024-02-25,P4,Product_4,55,38.63,15,1805.9525,USA,,
2024-02-25,P5,Product_5,92,20.71,0,1905.3200000000002,USA,,
2024-02-25,P6,Product_6,68,40.7,15,2352.46,USA,,
2024-02-25,P7,Product_7,193,16.56,15,2716.6679999999997,USA,,
2024-02-25,P8,Product_8,174,9.76,15,1443.504,USA,,
2024-02-25,P9,Product_9,180,22.84,0,4111.2,USA,,
2024-02-25,P10,Product_10,66,19.31,10,1147.014,USA,,
2024-02-25,P11,Product_11,102,43.5,10,3993.3,USA,,
2024-02-25,P12,Product_12,81,15.66,0,1268.46,USA,,
2024-02-25,P13,Product_13,100,30.72,5,2918.3999999999996,USA,,
2024-02-25,P14,Product_14,178,8.42,15,1273.946,USA,,
2024-02-25,P15,Product_15,138,47.8,15,5606.94,USA,,
2024-02-25,P16,Product_16,94,17.77,10,1503.3419999999999,USA,,
2024-02-25,P17,Product_17,162,20.27,5,3119.5529999999994,USA,,
2024-02-25,P18,Product_18,154,38.88,15,5089.392,USA,,
2024-02-25,P19,Product_19,60,47.35,10,2556.9,USA,,
2024-02-25,P20,Product_20,174,6.45,15,953.9549999999999,USA,,
2024-02-25,P21,Product_21,184,8.66,0,1593.44,USA,,
2024-02-25,P22,Product_22,165,11.77,15,1650.7424999999998,USA,,
2024-02-25,P23,Product_23,193,34.9,15,5725.344999999999,USA,,
2024-02-25,P24,Product_24,116,20.16,0,2338.56,USA,,
2024-02-25,P25,Product_25,69,44.38,5,2909.109,USA,,
2024-02-25,P26,Product_26,71,34.17,15,2062.1595,USA,,
2024-02-25,P27,Product_27,144,20.87,5,2855.016,USA,,
2024-02-25,P28,Product_28,134,6.92,0,927.28,USA,,
2024-02-25,P29,Product_29,72,39.39,10,2552.472,USA,,
2024-02-25,P30,Product_30,154,37.02,10,5130.972000000001,USA,,
2024-02-25,P31,Product_31,104,32.78,15,2897.752,USA,,
2024-02-25,P32,Product_32,107,24.34,15,2213.723,USA,,
2024-02-25,P33,Product_33,64,43.17,0,2762.88,USA,,
2024-02-25,P34,Product_34,160,8.81,15,1198.16,USA,,
2024-02-25,P35,Product_35,147,28.18,5,3935.337,USA,,
2024-02-25,P36,Product_36,175,25.55,10,4024.125,USA,,
2024-02-25,P37,Product_37,83,27.96,5,2204.646,USA,,
2024-02-25,P38,Product_38,185,39.78,15,6255.405,USA,,
2024-02-25,P39,Product_39,170,21.49,10,3287.97,USA,,
2024-02-25,P40,Product_40,199,47.86,15,8095.518999999999,USA,,
2024-02-25,P41,Product_41,150,32.63,0,4894.5,USA,,
2024-02-25,P42,Product_42,90,20.52,0,1846.8,USA,,
2024-02-25,P43,Product_43,112,24.56,15,2338.1119999999996,USA,,
2024-02-25,P44,Product_44,64,16.68,10,960.768,USA,,
2024-02-25,P45,Product_45,60,36.56,5,2083.92,USA,,
2024-02-25,P46,Product_46,129,37.96,0,4896.84,USA,,
2024-02-25,P47,Product_47,55,32.02,0,1761.1000000000001,USA,,
2024-02-25,P48,Product_48,122,30.9,10,3392.8199999999997,USA,,
2024-02-25,P49,Product_49,128,42.66,10,4914.432,USA,,
2024-02-25,P50,Product_50,114,44.27,5,4794.441000000001,USA,,
2024-03-03,P1,Product_1,134,7.9,0,1058.6000000000001,USA,,
2024-03-03,P2,Product_2,85,18.52,15,1338.07,USA,,
2024-03-03,P3,Product_3,89,34.13,15,2581.9345000000003,USA,,
2024-03-03,P4,Product_4,147,22.85,15,2855.1075,USA,,
2024-03-03,P5,Product_5,116,43.48,5,4791.495999999999,USA,,
2024-03-03,P6,Product_6,68,23.7,0,1611.6,USA,,
2024-03-03,P7,Product_7,196,34.0,5,6330.799999999999,USA,,
2024-03-03,P8,Product_8,87,37.62,0,3272.9399999999996,USA,,
2024-03-03,P9,Product_9,68,26.23,0,1783.64,USA,,
2024-03-03,P10,Product_10,87,43.89,10,3436.587,USA,,
2024-03-03,P11,Product_11,118,31.8,15,3189.54,USA,,
2024-03-03,P12,Product_12,113,32.71,15,3141.7954999999997,USA,,
2024-03-03,P13,Product_13,70,38.76,15,2306.22,USA,,
2024-03-03,P14,Product_14,56,29.06,0,1627.36,USA,,
2024-03-03,P15,Product_15,179,31.48,0,5634.92,USA,,
2024-03-03,P16,Product_16,126,32.21,5,3855.537,USA,,
2024-03-03,P17,Product_17,133,44.58,5,5632.682999999999,USA,,
2024-03-03,P18,Product_18,83,10.53,10,786.5909999999999,USA,,
2024-03-03,P19,Product_19,181,24.82,0,4492.42,USA,,
2024-03-03,P20,Product_20,190,43.29,5,7813.845,USA,,
2024-03-03,P21,Product_21,56,18.65,15,887.7399999999999,USA,,
2024-03-03,P22,Product_22,82,24.71,5,1924.9089999999999,USA,,
2024-03-03,P23,Product_23,96,29.64,10,2560.896,USA,,
2024-03-03,P24,Product_24,78,43.4,0,3385.2,USA,,
2024-03-03,P25,Product_25,93,46.9,0,4361.7,USA,,
2024-03-03,P26,Product_26,75,44.99,15,2868.1124999999997,USA,,
2024-03-03,P27,Product_27,109,36.31,5,3759.9005,USA,,
2024-03-03,P28,Product_28,175,48.7,5,8096.375,USA,,
2024-03-03,P29,Product_29,80,41.28,0,3302.4,USA,,
2024-03-03,P30,Product_30,199,8.6,15,1454.6899999999998,USA,,
2024-03-03,P31,Product_31,62,25.06,10,1398.348,USA,,
2024-03-03,P32,Product_32,57,25.19,10,1292.247,USA,,
2024-03-03,P33,Product_33,58,28.17,0,1633.8600000000001,USA,,
2024-03-03,P34,Product_34,134,14.26,15,1624.214,USA,,
2024-03-03,P35,Product_35,106,11.4,5,1147.98,USA,,
2024-03-03,P36,Product_36,75,34.13,0,2559.75,USA,,
2024-03-03,P37,Product_37,166,22.6,15,3188.86,USA,,
2024-03-03,P38,Product_38,196,34.14,10,6022.296,USA,,
2024-03-03,P39,Product_39,180,26.44,15,4045.3199999999997,USA,,
2024-03-03,P40,Product_40,103,10.18,15,891.2589999999999,USA,,
2024-03-03,P41,Product_41,157,13.72,15,1830.934,USA,,
2024-03-03,P42,Product_42,50,31.98,15,1359.1499999999999,USA,,
2024-03-03,P43,Product_43,141,27.1,10,3438.9900000000002,USA,,
2024-03-03,P44,Product_44,134,18.48,10,2228.688,USA,,
2024-03-03,P45,Product_45,183,20.3,5,3529.1549999999997,USA,,
2024-03-03,P46,Product_46,124,37.62,10,4198.392,USA,,
2024-03-03,P47,Product_47,92,42.96,10,3557.088,USA,,
2024-03-03,P48,Product_48,113,40.25,10,4093.425,USA,,
2024-03-03,P49,Product_49,55,14.03,15,655.9024999999999,USA,,
2024-03-03,P50,Product_50,154,45.25,10,6271.650000000001,USA,,
2024-03-10,P1,Product_1,132,19.84,10,2356.992,USA,,
2024-03-10,P2,Product_2,63,45.46,10,2577.582,USA,,
2024-03-10,P3,Product_3,144,43.15,15,5281.5599999999995,USA,,
2024-03-10,P4,Product_4,192,24.24,5,4421.375999999999,USA,,
2024-03-10,P5,Product_5,54,26.36,15,1209.924,USA,,
2024-03-10,P6,Product_6,148,43.15,10,5747.58,USA,,
2024-03-10,P7,Product_7,176,21.49,15,3214.9039999999995,USA,,
2024-03-10,P8,Product_8,159,13.9,5,2099.595,USA,,
2024-03-10,P9,Product_9,172,20.15,10,3119.22,USA,,
2024-03-10,P10,Product_10,135,49.67,15,5699.6325,USA,,
2024-03-10,P11,Product_11,148,8.36,0,1237.28,USA,,
2024-03-10,P12,Product_12,192,49.59,0,9521.28,USA,,
2024-03-10,P13,Product_13,93,13.66,15,1079.823,USA,,
2024-03-10,P14,Product_14,195,9.33,0,1819.35,USA,,
2024-03-10,P15,Product_15,166,9.95,15,1403.9449999999997,USA,,
2024-03-10,P16,Product_16,100,45.99,10,4139.1,USA,,
2024-03-10,P17,Product_17,174,41.95,10,6569.37,USA,,
2024-03-10,P18,Product_18,87,35.86,0,3119.82,USA,,
2024-03-10,P19,Product_19,197,17.44,15,2920.328,USA,,
2024-03-10,P20,Product_20,199,15.96,0,3176.04,USA,,
2024-03-10,P21,Product_21,167,11.35,0,1895.45,USA,,
2024-03-10,P22,Product_22,175,20.1,0,3517.5000000000005,USA,,
2024-03-10,P23,Product_23,94,36.74,10,3108.2040000000006,USA,,
2024-03-10,P24,Product_24,111,36.51,5,3849.9794999999995,USA,,
2024-03-10,P25,Product_25,125,49.1,10,5523.75,USA,,
2024-03-10,P26,Product_26,83,15.09,5,1189.8464999999999,USA,,
2024-03-10,P27,Product_27,117,49.19,0,5755.23,USA,,
2024-03-10,P28,Product_28,139,16.45,5,2172.2225,USA,,
2024-03-10,P29,Product_29,127,13.99,0,1776.73,USA,,
2024-03-10,P30,Product_30,129,10.22,5,1252.461,USA,,
2024-03-10,P31,Product_31,178,35.14,5,5942.174,USA,,
2024-03-10,P32,Product_32,88,15.93,15,1191.5639999999999,USA,,
2024-03-10,P33,Product_33,71,41.3,10,2639.0699999999997,USA,,
2024-03-10,P34,Product_34,119,18.08,5,2043.944,USA,,
2024-03-10,P35,Product_35,166,24.04,15,3392.044,USA,,
2024-03-10,P36,Product_36,105,44.06,5,4394.985,USA,,
2024-03-10,P37,Product_37,60,13.97,15,712.47,USA,,
2024-03-10,P38,Product_38,87,15.99,15,1182.4605000000001,USA,,
2024-03-10,P39,Product_39,173,18.63,15,2739.5415,USA,,
2024-03-10,P40,Product_40,178,32.68,15,4944.4839999999995,USA,,
2024-03-10,P41,Product_41,105,5.38,5,536.655,USA,,
2024-03-10,P42,Product_42,103,7.62,0,784.86,USA,,
2024-03-10,P43,Product_43,192,8.18,10,1413.504,USA,,
2024-03-10,P44,Product_44,149,37.51,15,4750.6415,USA,,
2024-03-10,P45,Product_45,57,24.34,5,1318.0109999999997,USA,,
2024-03-10,P46,Product_46,119,23.72,10,2540.412,USA,,
2024-03-10,P47,Product_47,165,33.93,0,5598.45,USA,,
2024-03-10,P48,Product_48,127,44.98,15,4855.591,USA,,
2024-03-10,P49,Product_49,129,7.89,5,966.9194999999999,USA,,
2024-03-10,P50,Product_50,56,32.19,10,1622.376,USA,,
2024-03-17,P1,Product_1,157,13.27,0,2083.39,USA,,
2024-03-17,P2,Product_2,190,47.86,10,8184.0599999999995,USA,,
2024-03-17,P3,Product_3,57,33.34,10,1710.342,USA,,
2024-03-17,P4,Product_4,123,8.4,0,1033.2,USA,,
2024-03-17,P5,Product_5,147,34.69,0,5099.429999999999,USA,,
2024-03-17,P6,Product_6,95,17.77,15,1434.9274999999998,USA,,
2024-03-17,P7,Product_7,87,29.39,10,2301.237,USA,,
2024-03-17,P8,Product_8,168,46.88,5,7482.048,USA,,
2024-03-17,P9,Product_9,172,12.53,5,2047.4019999999998,USA,,
2024-03-17,P10,Product_10,58,8.22,0,476.76000000000005,USA,,
2024-03-17,P11,Product_11,69,34.59,10,2148.039,USA,,
2024-03-17,P12,Product_12,179,39.61,0,7090.19,USA,,
2024-03-17,P13,Product_13,139,20.25,0,2814.75,USA,,
2024-03-17,P14,Product_14,57,31.52,5,1706.8079999999998,USA,,
2024-03-17,P15,Product_15,53,33.51,15,1509.6254999999999,USA,,
2024-03-17,P16,Product_16,194,33.27,5,6131.661000000001,USA,,
2024-03-17,P17,Product_17,157,12.03,10,1699.839,USA,,
2024-03-17,P18,Product_18,58,27.56,10,1438.632,USA,,
2024-03-17,P19,Product_19,168,37.01,5,5906.795999999999,USA,,
2024-03-17,P20,Product_20,158,24.85,15,3337.355,USA,,
2024-03-17,P21,Product_21,166,6.69,0,1110.54,USA,,
2024-03-17,P22,Product_22,70,12.91,5,858.515,USA,,
2024-03-17,P23,Product_23,72,16.94,5,1158.696,USA,,
2024-03-17,P24,Product_24,75,37.01,0,2775.75,USA,,
2024-03-17,P25,Product_25,95,40.29,0,3827.5499999999997,USA,,
2024-03-17,P26,Product_26,102,39.79,15,3449.7929999999997,USA,,
2024-03-17,P27,Product_27,183,39.2,5,6814.92,USA,,
2024-03-17,P28,Product_28,103,19.11,10,1771.497,USA,,
2024-03-17,P29,Product_29,130,24.12,5,2978.8199999999997,USA,,
2024-03-17,P30,Product_30,101,33.28,0,3361.28,USA,,
2024-03-17,P31,Product_31,104,42.04,5,4153.552,USA,,
2024-03-17,P32,Product_32,60,48.83,10,2636.8199999999997,USA,,
2024-03-17,P33,Product_33,134,14.9,15,1697.1100000000001,USA,,
2024-03-17,P34,Product_34,185,22.31,15,3508.2474999999995,USA,,
2024-03-17,P35,Product_35,114,20.6,5,2230.98,USA,,
2024-03-17,P36,Product_36,166,16.42,0,2725.7200000000003,USA,,
2024-03-17,P37,Product_37,175,37.65,15,5600.4375,USA,,
2024-03-17,P38,Product_38,152,25.77,5,3721.1879999999996,USA,,
2024-03-17,P39,Product_39,74,6.3,5,442.89,USA,,
2024-03-17,P40,Product_40,153,23.92,10,3293.784,USA,,
2024-03-17,P41,Product_41,155,42.71,15,5627.0425,USA,,
2024-03-17,P42,Product_42,132,9.51,0,1255.32,USA,,
2024-03-17,P43,Product_43,158,36.63,10,5208.786,USA,,
2024-03-17,P44,Product_44,112,25.12,10,2532.096,USA,,
2024-03-17,P45,Product_45,84,30.94,0,2598.96,USA,,
2024-03-17,P46,Product_46,163,38.29,10,5617.143,USA,,
2024-03-17,P47,Product_47,52,37.91,0,1971.3199999999997,USA,,
2024-03-17,P48,Product_48,142,49.77,0,7067.34,USA,,
2024-03-17,P49,Product_49,59,23.77,15,1192.0655,USA,,
2024-03-17,P50,Product_50,148,46.99,0,6954.52,USA,,
2024-03-24,P1,Product_1,137,43.7,0,5986.900000000001,USA,,
2024-03-24,P2,Product_2,180,48.18,5,8238.779999999999,USA,,
2024-03-24,P3,Product_3,97,5.26,15,433.68699999999995,USA,,
2024-03-24,P4,Product_4,130,23.33,5,2881.2549999999997,USA,,
2024-03-24,P5,Product_5,177,44.85,5,7541.527499999999,USA,,
2024-03-24,P6,Product_6,163,31.28,5,4843.7080000000005,USA,,
2024-03-24,P7,Product_7,157,10.01,0,1571.57,USA,,
2024-03-24,P8,Product_8,86,43.34,5,3540.878,USA,,
2024-03-24,P9,Product_9,199,45.07,15,7623.5905,USA,,
2024-03-24,P10,Product_10,178,24.97,0,4444.66,USA,,
2024-03-24,P11,Product_11,194,9.29,0,1802.2599999999998,USA,,
2024-03-24,P12,Product_12,152,45.83,5,6617.852,USA,,
2024-03-24,P13,Product_13,113,36.14,0,4083.82,USA,,
2024-03-24,P14,Product_14,171,21.74,15,3159.9089999999997,USA,,
2024-03-24,P15,Product_15,149,30.21,10,4051.161,USA,,
2024-03-24,P16,Product_16,66,26.1,10,1550.3400000000001,USA,,
2024-03-24,P17,Product_17,177,48.58,5,8168.727,USA,,
2024-03-24,P18,Product_18,178,36.1,5,6104.51,USA,,
2024-03-24,P19,Product_19,149,16.01,10,2146.9410000000003,USA,,
2024-03-24,P20,Product_20,174,6.55,0,1139.7,USA,,
2024-03-24,P21,Product_21,103,10.63,10,985.4010000000001,USA,,
2024-03-24,P22,Product_22,63,19.46,15,1042.083,USA,,
2024-03-24,P23,Product_23,137,12.42,15,1446.309,USA,,
2024-03-24,P24,Product_24,168,48.54,10,7339.2480000000005,USA,,
2024-03-24,P25,Product_25,89,21.23,15,1606.0495,USA,,
2024-03-24,P26,Product_26,75,17.51,5,1247.5875,USA,,
2024-03-24,P27,Product_27,166,17.13,10,2559.222,USA,,
2024-03-24,P28,Product_28,166,33.49,5,5281.373,USA,,
2024-03-24,P29,Product_29,75,17.92,10,1209.6000000000001,USA,,
2024-03-24,P30,Product_30,52,47.17,10,2207.556,USA,,
2024-03-24,P31,Product_31,141,47.21,10,5990.949,USA,,
2024-03-24,P32,Product_32,182,23.12,10,3787.056,USA,,
2024-03-24,P33,Product_33,166,13.34,15,1882.274,USA,,
2024-03-24,P34,Product_34,103,22.82,0,2350.46,USA,,
2024-03-24,P35,Product_35,71,48.38,15,2919.7329999999997,USA,,
2024-03-24,P36,Product_36,132,36.09,0,4763.88,USA,,
2024-03-24,P37,Product_37,144,34.78,10,4507.488,USA,,
2024-03-24,P38,Product_38,139,22.61,0,3142.79,USA,,
2024-03-24,P39,Product_39,73,35.89,0,2619.9700000000003,USA,,
2024-03-24,P40,Product_40,191,12.98,10,2231.262,USA,,
2024-03-24,P41,Product_41,110,44.98,0,4947.799999999999,USA,,
2024-03-24,P42,Product_42,129,47.65,0,6146.849999999999,USA,,
2024-03-24,P43,Product_43,142,24.56,10,3138.768,USA,,
2024-03-24,P44,Product_44,107,28.89,10,2782.107,USA,,
2024-03-24,P45,Product_45,128,9.39,10,1081.728,USA,,
2024-03-24,P46,Product_46,107,13.61,5,1383.4565,USA,,
2024-03-24,P47,Product_47,172,19.32,0,3323.04,USA,,
2024-03-24,P48,Product_48,193,16.02,15,2628.081,USA,,
2024-03-24,P49,Product_49,57,13.82,15,669.579,USA,,
2024-03-24,P50,Product_50,116,19.86,0,2303.7599999999998,USA,,
2024-03-31,P1,Product_1,181,11.35,0,2054.35,USA,,
2024-03-31,P2,Product_2,168,37.73,0,6338.639999999999,USA,,
2024-03-31,P3,Product_3,131,46.96,0,6151.76,USA,,
2024-03-31,P4,Product_4,195,21.53,15,3568.5975000000003,USA,,
2024-03-31,P5,Product_5,128,23.64,0,3025.92,USA,,
2024-03-31,P6,Product_6,164,41.35,15,5764.1900000000005,USA,,
2024-03-31,P7,Product_7,50,43.39,0,2169.5,USA,,
2024-03-31,P8,Product_8,140,13.16,10,1658.16,USA,,
2024-03-31,P9,Product_9,75,14.4,5,1026.0,USA,,
2024-03-31,P10,Product_10,64,30.04,15,1634.176,USA,,
2024-03-31,P11,Product_11,114,12.41,10,1273.266,USA,,
2024-03-31,P12,Product_12,137,47.39,15,5518.5655,USA,,
2024-03-31,P13,Product_13,64,16.69,0,1068.16,USA,,
2024-03-31,P14,Product_14,82,19.13,5,1490.2269999999999,USA,,
2024-03-31,P15,Product_15,155,26.69,0,4136.95,USA,,
2024-03-31,P16,Product_16,151,45.07,10,6125.013,USA,,
2024-03-31,P17,Product_17,102,28.08,5,2720.9519999999998,USA,,
2024-03-31,P18,Product_18,160,28.24,0,4518.4,USA,,
2024-03-31,P19,Product_19,159,45.31,10,6483.861,USA,,
2024-03-31,P20,Product_20,139,48.27,5,6374.0535,USA,,
2024-03-31,P21,Product_21,135,23.28,5,2985.66,USA,,
2024-03-31,P22,Product_22,123,17.96,10,1988.172,USA,,
2024-03-31,P23,Product_23,102,5.28,0,538.5600000000001,USA,,
2024-03-31,P24,Product_24,198,16.46,0,3259.0800000000004,USA,,
2024-03-31,P25,Product_25,139,26.42,0,3672.38,USA,,
2024-03-31,P26,Product_26,132,13.27,0,1751.6399999999999,USA,,
2024-03-31,P27,Product_27,117,44.06,15,4381.767,USA,,
2024-03-31,P28,Product_28,113,49.16,5,5277.326,USA,,
2024-03-31,P29,Product_29,74,37.79,10,2516.8140000000003,USA,,
2024-03-31,P30,Product_30,72,13.65,15,835.38,USA,,
2024-03-31,P31,Product_31,127,44.38,5,5354.447,USA,,
2024-03-31,P32,Product_32,193,31.21,10,5421.177,USA,,
2024-03-31,P33,Product_33,61,34.72,5,2012.024,USA,,
2024-03-31,P34,Product_34,77,22.94,0,1766.38,USA,,
2024-03-31,P35,Product_35,179,11.93,15,1815.1494999999998,USA,,
2024-03-31,P36,Product_36,152,20.74,5,2994.8559999999993,USA,,
2024-03-31,P37,Product_37,173,20.39,5,3351.0965,USA,,
2024-03-31,P38,Product_38,185,30.71,0,5681.35,USA,,
2024-03-31,P39,Product_39,111,10.35,5,1091.4074999999998,USA,,
2024-03-31,P40,Product_40,112,26.59,5,2829.176,USA,,
2024-03-31,P41,Product_41,55,8.82,0,485.1,USA,,
2024-03-31,P42,Product_42,52,43.44,5,2145.936,USA,,
2024-03-31,P43,Product_43,114,45.27,10,4644.702000000001,USA,,
2024-03-31,P44,Product_44,182,28.76,0,5234.320000000001,USA,,
2024-03-31,P45,Product_45,130,31.74,0,4126.2,USA,,
2024-03-31,P46,Product_46,104,16.17,0,1681.6800000000003,USA,,
2024-03-31,P47,Product_47,169,49.4,10,7513.740000000001,USA,,
2024-03-31,P48,Product_48,51,37.13,15,1609.5855000000001,USA,,
2024-03-31,P49,Product_49,161,33.14,15,4535.209,USA,,
2024-03-31,P50,Product_50,133,15.44,5,1950.8439999999998,USA,,
2024-04-07,P1,Product_1,184,32.83,5,5738.683999999999,USA,,
2024-04-07,P2,Product_2,99,29.35,15,2469.8025000000002,USA,,
2024-04-07,P3,Product_3,143,17.25,10,2220.0750000000003,USA,,
2024-04-07,P4,Product_4,142,5.48,10,700.344,USA,,
2024-04-07,P5,Product_5,188,28.96,5,5172.256,USA,,
2024-04-07,P6,Product_6,145,9.29,5,1279.6975,USA,,
2024-04-07,P7,Product_7,145,17.22,10,2247.2099999999996,USA,,
2024-04-07,P8,Product_8,101,48.65,10,4422.285,USA,,
2024-04-07,P9,Product_9,118,33.34,5,3737.414,USA,,
2024-04-07,P10,Product_10,87,12.75,5,1053.7875,USA,,
2024-04-07,P11,Product_11,137,42.97,5,5592.545499999999,USA,,
2024-04-07,P12,Product_12,175,33.01,15,4910.2375,USA,,
2024-04-07,P13,Product_13,105,48.81,15,4356.2925000000005,USA,,
2024-04-07,P14,Product_14,106,43.52,10,4151.808,USA,,
2024-04-07,P15,Product_15,103,41.63,0,4287.89,USA,,
2024-04-07,P16,Product_16,198,28.19,5,5302.539,USA,,
2024-04-07,P17,Product_17,69,5.54,5,363.147,USA,,
2024-04-07,P18,Product_18,125,24.66,10,2774.25,USA,,
2024-04-07,P19,Product_19,177,49.35,0,8734.95,USA,,
2024-04-07,P20,Product_20,185,29.01,10,4830.165000000001,USA,,
2024-04-07,P21,Product_21,169,44.66,5,7170.162999999999,USA,,
2024-04-07,P22,Product_22,144,32.24,0,4642.56,USA,,
2024-04-07,P23,Product_23,192,40.24,10,6953.472,USA,,
2024-04-07,P24,Product_24,74,39.96,5,2809.1879999999996,USA,,
2024-04-07,P25,Product_25,81,38.27,0,3099.8700000000003,USA,,
2024-04-07,P26,Product_26,180,23.0,0,4140.0,USA,,
2024-04-07,P27,Product_27,193,19.0,5,3483.6499999999996,USA,,
2024-04-07,P28,Product_28,170,38.27,0,6505.900000000001,USA,,
2024-04-07,P29,Product_29,132,28.11,0,3710.52,USA,,
2024-04-07,P30,Product_30,89,13.92,10,1114.992,USA,,
2024-04-07,P31,Product_31,63,21.85,5,1307.7225,USA,,
2024-04-07,P32,Product_32,74,20.86,10,1389.2759999999998,USA,,
2024-04-07,P33,Product_33,128,24.52,10,2824.704,USA,,
2024-04-07,P34,Product_34,57,6.87,5,372.01050000000004,USA,,
2024-04-07,P35,Product_35,186,25.92,10,4339.008,USA,,
2024-04-07,P36,Product_36,64,33.84,5,2057.472,USA,,
2024-04-07,P37,Product_37,171,7.3,15,1061.0549999999998,USA,,
2024-04-07,P38,Product_38,127,26.76,10,3058.668,USA,,
2024-04-07,P39,Product_39,81,30.31,15,2086.8434999999995,USA,,
2024-04-07,P40,Product_40,73,14.77,5,1024.2995,USA,,
2024-04-07,P41,Product_41,159,18.38,0,2922.4199999999996,USA,,
2024-04-07,P42,Product_42,96,8.14,0,781.44,USA,,
2024-04-07,P43,Product_43,89,11.77,0,1047.53,USA,,
2024-04-07,P44,Product_44,162,47.99,5,7385.661,USA,,
2024-04-07,P45,Product_45,117,34.14,0,3994.38,USA,,
2024-04-07,P46,Product_46,82,12.39,5,965.1809999999999,USA,,
2024-04-07,P47,Product_47,185,26.41,0,4885.85,USA,,
2024-04-07,P48,Product_48,70,12.6,10,793.8000000000001,USA,,
2024-04-07,P49,Product_49,67,37.35,15,2127.0825,USA,,
2024-04-07,P50,Product_50,145,35.58,5,4901.1449999999995,USA,,
2024-04-14,P1,Product_1,117,38.9,0,4551.3,USA,,
2024-04-14,P2,Product_2,177,49.02,0,8676.54,USA,,
2024-04-14,P3,Product_3,164,26.51,5,4130.258,USA,,
2024-04-14,P4,Product_4,96,44.39,0,4261.4400000000005,USA,,
2024-04-14,P5,Product_5,167,33.76,5,5356.023999999999,USA,,
2024-04-14,P6,Product_6,77,6.8,5,497.42,USA,,
2024-04-14,P7,Product_7,154,44.04,0,6782.16,USA,,
2024-04-14,P8,Product_8,133,29.12,0,3872.96,USA,,
2024-04-14,P9,Product_9,74,48.52,15,3051.908,USA,,
2024-04-14,P10,Product_10,190,34.36,10,5875.5599999999995,USA,,
2024-04-14,P11,Product_11,75,47.94,10,3235.9500000000003,USA,,
2024-04-14,P12,Product_12,69,21.16,15,1241.0339999999999,USA,,
2024-04-14,P13,Product_13,116,18.5,10,1931.4,USA,,
2024-04-14,P14,Product_14,175,33.29,5,5534.4625,USA,,
2024-04-14,P15,Product_15,147,44.52,10,5889.996000000001,USA,,
2024-04-14,P16,Product_16,111,27.2,15,2566.3199999999997,USA,,
2024-04-14,P17,Product_17,180,16.3,15,2493.9,USA,,
2024-04-14,P18,Product_18,158,14.53,10,2066.1659999999997,USA,,
2024-04-14,P19,Product_19,164,45.6,5,7104.4800000000005,USA,,
2024-04-14,P20,Product_20,83,34.07,5,2686.4195,USA,,
2024-04-14,P21,Product_21,155,16.03,5,2360.4175,USA,,
2024-04-14,P22,Product_22,50,26.57,5,1262.075,USA,,
2024-04-14,P23,Product_23,55,40.16,5,2098.3599999999997,USA,,
2024-04-14,P24,Product_24,130,15.74,5,1943.8899999999999,USA,,
2024-04-14,P25,Product_25,150,16.42,0,2463.0000000000005,USA,,
2024-04-14,P26,Product_26,117,41.6,15,4137.12,USA,,
2024-04-14,P27,Product_27,100,32.89,15,2795.65,USA,,
2024-04-14,P28,Product_28,81,35.04,10,2554.4159999999997,USA,,
2024-04-14,P29,Product_29,68,13.32,10,815.184,USA,,
2024-04-14,P30,Product_30,70,11.78,5,783.3699999999999,USA,,
2024-04-14,P31,Product_31,158,6.69,10,951.318,USA,,
2024-04-14,P32,Product_32,185,46.52,15,7315.27,USA,,
2024-04-14,P33,Product_33,71,21.76,10,1390.4640000000002,USA,,
2024-04-14,P34,Product_34,119,13.86,0,1649.34,USA,,
2024-04-14,P35,Product_35,93,23.15,15,1830.0074999999997,USA,,
2024-04-14,P36,Product_36,167,42.44,0,7087.48,USA,,
2024-04-14,P37,Product_37,118,27.1,15,2718.13,USA,,
2024-04-14,P38,Product_38,102,29.81,15,2584.527,USA,,
2024-04-14,P39,Product_39,73,43.43,15,2694.8315,USA,,
2024-04-14,P40,Product_40,137,17.21,10,2121.993,USA,,
2024-04-14,P41,Product_41,196,18.94,10,3341.016,USA,,
2024-04-14,P42,Product_42,192,28.71,10,4961.088,USA,,
2024-04-14,P43,Product_43,131,41.23,0,5401.129999999999,USA,,
2024-04-14,P44,Product_44,92,40.69,15,3181.9579999999996,USA,,
2024-04-14,P45,Product_45,110,35.79,10,3543.21,USA,,
2024-04-14,P46,Product_46,158,41.33,5,6203.632999999999,USA,,
2024-04-14,P47,Product_47,117,10.28,5,1142.6219999999998,USA,,
2024-04-14,P48,Product_48,75,8.65,15,551.4375,USA,,
2024-04-14,P49,Product_49,55,22.53,0,1239.15,USA,,
2024-04-14,P50,Product_50,89,27.2,15,2057.68,USA,,
2024-04-21,P1,Product_1,121,47.06,10,5124.834000000001,USA,,
2024-04-21,P2,Product_2,110,37.16,15,3474.4599999999996,USA,,
2024-04-21,P3,Product_3,163,29.82,15,4131.561,USA,,
2024-04-21,P4,Product_4,153,29.29,5,4257.3015,USA,,
2024-04-21,P5,Product_5,198,41.98,5,7896.437999999998,USA,,
2024-04-21,P6,Product_6,190,26.68,0,5069.2,USA,,
2024-04-21,P7,Product_7,72,24.16,0,1739.52,USA,,
2024-04-21,P8,Product_8,178,41.48,5,7014.267999999999,USA,,
2024-04-21,P9,Product_9,58,26.16,10,1365.552,USA,,
2024-04-21,P10,Product_10,112,49.21,10,4960.368,USA,,
2024-04-21,P11,Product_11,147,19.51,10,2581.1730000000002,USA,,
2024-04-21,P12,Product_12,117,28.45,10,2995.7850000000003,USA,,
2024-04-21,P13,Product_13,158,43.22,15,5804.446,USA,,
2024-04-21,P14,Product_14,131,47.09,5,5860.3505000000005,USA,,
2024-04-21,P15,Product_15,131,32.87,10,3875.3729999999996,USA,,
2024-04-21,P16,Product_16,80,33.96,0,2716.8,USA,,
2024-04-21,P17,Product_17,171,29.56,5,4802.022,USA,,
2024-04-21,P18,Product_18,111,10.5,5,1107.225,USA,,
2024-04-21,P19,Product_19,132,35.66,10,4236.408,USA,,
2024-04-21,P20,Product_20,103,40.94,10,3795.138,USA,,
2024-04-21,P21,Product_21,90,34.09,0,3068.1000000000004,USA,,
2024-04-21,P22,Product_22,122,23.83,5,2761.8969999999995,USA,,
2024-04-21,P23,Product_23,98,26.04,0,2551.92,USA,,
2024-04-21,P24,Product_24,129,31.96,5,3916.698,USA,,
2024-04-21,P25,Product_25,74,6.99,15,439.671,USA,,
2024-04-21,P26,Product_26,165,28.7,5,4498.724999999999,USA,,
2024-04-21,P27,Product_27,90,19.37,0,1743.3000000000002,USA,,
2024-04-21,P28,Product_28,178,34.03,0,6057.34,USA,,
2024-04-21,P29,Product_29,140,34.48,10,4344.48,USA,,
2024-04-21,P30,Product_30,170,20.35,5,3286.525,USA,,
2024-04-21,P31,Product_31,161,48.39,15,6622.1714999999995,USA,,
2024-04-21,P32,Product_32,120,11.8,10,1274.4,USA,,
2024-04-21,P33,Product_33,98,48.26,0,4729.48,USA,,
2024-04-21,P34,Product_34,140,39.28,5,5224.24,USA,,
2024-04-21,P35,Product_35,98,6.18,15,514.794,USA,,
2024-04-21,P36,Product_36,98,7.87,10,694.134,USA,,
2024-04-21,P37,Product_37,157,28.43,15,3793.9835000000003,USA,,
2024-04-21,P38,Product_38,50,25.3,15,1075.25,USA,,
2024-04-21,P39,Product_39,196,30.96,5,5764.7519999999995,USA,,
2024-04-21,P40,Product_40,167,32.39,0,5409.13,USA,,
2024-04-21,P41,Product_41,181,18.33,15,2820.0704999999994,USA,,
2024-04-21,P42,Product_42,150,48.29,15,6156.974999999999,USA,,
2024-04-21,P43,Product_43,138,27.95,15,3278.535,USA,,
2024-04-21,P44,Product_44,113,39.64,0,4479.32,USA,,
2024-04-21,P45,Product_45,83,24.11,0,2001.1299999999999,USA,,
2024-04-21,P46,Product_46,121,47.21,10,5141.169,USA,,
2024-04-21,P47,Product_47,103,31.95,0,3290.85,USA,,
2024-04-21,P48,Product_48,96,17.2,5,1568.6399999999996,USA,,
2024-04-21,P49,Product_49,111,48.65,15,4590.1275,USA,,
2024-04-21,P50,Product_50,80,28.92,0,2313.6000000000004,USA,,
2024-04-28,P1,Product_1,70,22.37,15,1331.015,USA,,
2024-04-28,P2,Product_2,157,20.29,0,3185.5299999999997,USA,,
2024-04-28,P3,Product_3,123,25.86,0,3180.7799999999997,USA,,
2024-04-28,P4,Product_4,121,21.23,5,2440.3885,USA,,
2024-04-28,P5,Product_5,111,32.04,15,3022.974,USA,,
2024-04-28,P6,Product_6,97,7.56,15,623.3219999999999,USA,,
2024-04-28,P7,Product_7,71,25.03,0,1777.13,USA,,
2024-04-28,P8,Product_8,171,40.65,15,5908.4775,USA,,
2024-04-28,P9,Product_9,172,35.25,15,5153.55,USA,,
2024-04-28,P10,Product_10,109,46.51,5,4816.1105,USA,,
2024-04-28,P11,Product_11,72,31.81,5,2175.8039999999996,USA,,
2024-04-28,P12,Product_12,159,13.39,10,1916.1090000000002,USA,,
2024-04-28,P13,Product_13,157,44.0,15,5871.8,USA,,
2024-04-28,P14,Product_14,193,15.78,15,2588.709,USA,,
2024-04-28,P15,Product_15,99,30.77,5,2893.9184999999998,USA,,
2024-04-28,P16,Product_16,161,32.96,15,4510.576,USA,,
2024-04-28,P17,Product_17,109,45.01,0,4906.09,USA,,
2024-04-28,P18,Product_18,130,46.76,5,5774.86,USA,,
2024-04-28,P19,Product_19,178,35.73,0,6359.94,USA,,
2024-04-28,P20,Product_20,88,24.1,10,1908.7200000000003,USA,,
2024-04-28,P21,Product_21,165,25.22,10,3745.17,USA,,
2024-04-28,P22,Product_22,75,8.82,15,562.275,USA,,
2024-04-28,P23,Product_23,103,17.24,5,1686.9339999999997,USA,,
2024-04-28,P24,Product_24,140,28.3,0,3962.0,USA,,
2024-04-28,P25,Product_25,172,48.78,10,7551.144,USA,,
2024-04-28,P26,Product_26,60,22.2,15,1132.2,USA,,
2024-04-28,P27,Product_27,188,33.18,5,5925.947999999999,USA,,
2024-04-28,P28,Product_28,122,33.25,10,3650.85,USA,,
2024-04-28,P29,Product_29,172,34.42,15,5032.204000000001,USA,,
2024-04-28,P30,Product_30,74,17.54,15,1103.266,USA,,
2024-04-28,P31,Product_31,59,23.9,10,1269.09,USA,,
2024-04-28,P32,Product_32,137,37.37,0,5119.69,USA,,
2024-04-28,P33,Product_33,163,35.65,15,4939.3075,USA,,
2024-04-28,P34,Product_34,170,5.71,10,873.6300000000001,USA,,
2024-04-28,P35,Product_35,156,46.95,10,6591.780000000001,USA,,
2024-04-28,P36,Product_36,84,35.83,10,2708.748,USA,,
2024-04-28,P37,Product_37,107,47.66,0,5099.62,USA,,
2024-04-28,P38,Product_38,184,15.85,0,2916.4,USA,,
2024-04-28,P39,Product_39,140,49.63,10,6253.380000000001,USA,,
2024-04-28,P40,Product_40,58,41.16,10,2148.5519999999997,USA,,
2024-04-28,P41,Product_41,193,29.0,15,4757.45,USA,,
2024-04-28,P42,Product_42,103,17.61,15,1541.7555,USA,,
2024-04-28,P43,Product_43,110,44.24,15,4136.4400000000005,USA,,
2024-04-28,P44,Product_44,119,41.78,15,4226.047,USA,,
2024-04-28,P45,Product_45,124,5.11,5,601.958,USA,,
2024-04-28,P46,Product_46,109,30.26,15,2803.589,USA,,
2024-04-28,P47,Product_47,85,8.94,0,759.9,USA,,
2024-04-28,P48,Product_48,123,17.58,15,1837.9889999999996,USA,,
2024-04-28,P49,Product_49,194,27.41,5,5051.663,USA,,
2024-04-28,P50,Product_50,108,27.33,5,2804.0579999999995,USA,,
2024-05-05,P1,Product_1,97,31.21,15,2573.2644999999998,USA,,
2024-05-05,P2,Product_2,117,5.22,10,549.666,USA,,
2024-05-05,P3,Product_3,100,19.41,15,1649.85,USA,,
2024-05-05,P4,Product_4,161,31.94,0,5142.34,USA,,
2024-05-05,P5,Product_5,157,27.5,10,3885.75,USA,,
2024-05-05,P6,Product_6,132,34.4,10,4086.7200000000003,USA,,
2024-05-05,P7,Product_7,164,48.56,15,6769.264,USA,,
2024-05-05,P8,Product_8,91,31.04,15,2400.944,USA,,
2024-05-05,P9,Product_9,94,22.01,15,1758.599,USA,,
2024-05-05,P10,Product_10,164,9.63,5,1500.354,USA,,
2024-05-05,P11,Product_11,168,25.43,15,3631.4039999999995,USA,,
2024-05-05,P12,Product_12,87,38.76,10,3034.908,USA,,
2024-05-05,P13,Product_13,161,33.11,0,5330.71,USA,,
2024-05-05,P14,Product_14,154,35.15,5,5142.444999999999,USA,,
2024-05-05,P15,Product_15,138,48.78,10,6058.476000000001,USA,,
2024-05-05,P16,Product_16,172,37.58,5,6140.571999999999,USA,,
2024-05-05,P17,Product_17,81,15.23,10,1110.267,USA,,
2024-05-05,P18,Product_18,52,48.45,15,2141.4900000000002,USA,,
2024-05-05,P19,Product_19,82,38.72,10,2857.536,USA,,
2024-05-05,P20,Product_20,194,27.02,15,4455.598,USA,,
2024-05-05,P21,Product_21,61,25.81,10,1416.9689999999998,USA,,
2024-05-05,P22,Product_22,66,6.32,5,396.264,USA,,
2024-05-05,P23,Product_23,159,18.18,10,2601.558,USA,,
2024-05-05,P24,Product_24,76,37.97,5,2741.4339999999997,USA,,
2024-05-05,P25,Product_25,136,8.37,15,967.5719999999999,USA,,
2024-05-05,P26,Product_26,86,15.93,5,1301.481,USA,,
2024-05-05,P27,Product_27,123,27.39,10,3032.0730000000003,USA,,
2024-05-05,P28,Product_28,93,37.25,15,2944.6124999999997,USA,,
2024-05-05,P29,Product_29,68,24.82,10,1518.984,USA,,
2024-05-05,P30,Product_30,79,46.4,15,3115.7599999999998,USA,,
2024-05-05,P31,Product_31,58,7.97,15,392.921,USA,,
2024-05-05,P32,Product_32,122,41.33,5,4790.147,USA,,
2024-05-05,P33,Product_33,80,25.01,5,1900.76,USA,,
2024-05-05,P34,Product_34,183,46.95,10,7732.665000000001,USA,,
2024-05-05,P35,Product_35,69,11.6,0,800.4,USA,,
2024-05-05,P36,Product_36,154,14.32,15,1874.488,USA,,
2024-05-05,P37,Product_37,190,35.52,0,6748.8,USA,,
2024-05-05,P38,Product_38,178,22.52,0,4008.56,USA,,
2024-05-05,P39,Product_39,119,24.32,15,2459.968,USA,,
2024-05-05,P40,Product_40,68,41.41,0,2815.8799999999997,USA,,
2024-05-05,P41,Product_41,157,38.43,15,5128.4835,USA,,
2024-05-05,P42,Product_42,115,7.14,5,780.0449999999998,USA,,
2024-05-05,P43,Product_43,100,13.72,0,1372.0,USA,,
2024-05-05,P44,Product_44,100,33.58,10,3022.2000000000003,USA,,
2024-05-05,P45,Product_45,188,45.61,0,8574.68,USA,,
2024-05-05,P46,Product_46,108,38.09,10,3702.3480000000004,USA,,
2024-05-05,P47,Product_47,135,18.17,5,2330.3025000000002,USA,,
2024-05-05,P48,Product_48,193,42.73,15,7009.856499999999,USA,,
2024-05-05,P49,Product_49,56,23.83,5,1267.7559999999999,USA,,
2024-05-05,P50,Product_50,197,19.95,5,3733.6424999999995,USA,,
2024-05-12,P1,Product_1,153,41.27,10,5682.879000000001,USA,,
2024-05-12,P2,Product_2,188,18.67,15,2983.4660000000003,USA,,
2024-05-12,P3,Product_3,96,37.05,15,3023.2799999999997,USA,,
2024-05-12,P4,Product_4,133,5.56,10,665.5319999999999,USA,,
2024-05-12,P5,Product_5,94,40.85,15,3263.915,USA,,
2024-05-12,P6,Product_6,190,33.14,5,5981.77,USA,,
2024-05-12,P7,Product_7,99,39.09,15,3289.4235000000003,USA,,
2024-05-12,P8,Product_8,142,38.92,10,4973.976000000001,USA,,
2024-05-12,P9,Product_9,119,12.85,10,1376.235,USA,,
2024-05-12,P10,Product_10,180,7.27,5,1243.1699999999998,USA,,
2024-05-12,P11,Product_11,87,43.65,5,3607.6724999999997,USA,,
2024-05-12,P12,Product_12,53,45.59,0,2416.27,USA,,
2024-05-12,P13,Product_13,59,8.78,0,518.02,USA,,
2024-05-12,P14,Product_14,56,33.46,15,1592.696,USA,,
2024-05-12,P15,Product_15,119,44.51,15,4502.1865,USA,,
2024-05-12,P16,Product_16,124,36.19,15,3814.4259999999995,USA,,
2024-05-12,P17,Product_17,153,33.88,0,5183.64,USA,,
2024-05-12,P18,Product_18,121,27.92,0,3378.32,USA,,
2024-05-12,P19,Product_19,113,34.84,5,3740.0740000000005,USA,,
2024-05-12,P20,Product_20,128,48.75,0,6240.0,USA,,
2024-05-12,P21,Product_21,73,35.05,0,2558.6499999999996,USA,,
2024-05-12,P22,Product_22,78,16.24,0,1266.7199999999998,USA,,
2024-05-12,P23,Product_23,186,19.87,5,3511.029,USA,,
2024-05-12,P24,Product_24,84,48.7,10,3681.7200000000003,USA,,
2024-05-12,P25,Product_25,85,33.19,15,2397.9774999999995,USA,,
2024-05-12,P26,Product_26,76,23.36,15,1509.0559999999998,USA,,
2024-05-12,P27,Product_27,124,38.52,0,4776.4800000000005,USA,,
2024-05-12,P28,Product_28,102,22.93,0,2338.86,USA,,
2024-05-12,P29,Product_29,84,32.32,0,2714.88,USA,,
2024-05-12,P30,Product_30,97,48.04,15,3960.898,USA,,
2024-05-12,P31,Product_31,154,22.29,5,3261.0269999999996,USA,,
2024-05-12,P32,Product_32,167,36.36,10,5464.908,USA,,
2024-05-12,P33,Product_33,52,19.31,0,1004.1199999999999,USA,,
2024-05-12,P34,Product_34,116,17.94,15,1768.884,USA,,
2024-05-12,P35,Product_35,64,47.62,10,2742.912,USA,,
2024-05-12,P36,Product_36,108,47.87,10,4652.964,USA,,
2024-05-12,P37,Product_37,102,39.71,5,3847.899,USA,,
2024-05-12,P38,Product_38,187,42.53,5,7555.4545,USA,,
2024-05-12,P39,Product_39,97,11.6,15,956.42,USA,,
2024-05-12,P40,Product_40,199,42.38,0,8433.62,USA,,
2024-05-12,P41,Product_41,133,17.86,10,2137.842,USA,,
2024-05-12,P42,Product_42,84,37.07,10,2802.492,USA,,
2024-05-12,P43,Product_43,198,38.12,10,6792.9839999999995,USA,,
2024-05-12,P44,Product_44,105,7.2,5,718.1999999999999,USA,,
2024-05-12,P45,Product_45,161,17.53,10,2540.097,USA,,
2024-05-12,P46,Product_46,139,32.94,0,4578.66,USA,,
2024-05-12,P47,Product_47,171,37.49,10,5769.711,USA,,
2024-05-12,P48,Product_48,178,24.19,5,4090.5290000000005,USA,,
2024-05-12,P49,Product_49,113,17.17,15,1649.1785000000002,USA,,
2024-05-12,P50,Product_50,165,49.33,10,7325.505,USA,,
2024-05-19,P1,Product_1,161,22.03,15,3014.8055000000004,USA,,
2024-05-19,P2,Product_2,176,22.54,0,3967.04,USA,,
2024-05-19,P3,Product_3,138,17.53,5,2298.183,USA,,
2024-05-19,P4,Product_4,148,34.93,5,4911.158,USA,,
2024-05-19,P5,Product_5,55,27.76,10,1374.1200000000001,USA,,
2024-05-19,P6,Product_6,114,30.8,5,3335.6400000000003,USA,,
2024-05-19,P7,Product_7,51,48.08,0,2452.08,USA,,
2024-05-19,P8,Product_8,141,23.06,5,3088.8869999999997,USA,,
2024-05-19,P9,Product_9,124,8.38,10,935.2080000000001,USA,,
2024-05-19,P10,Product_10,136,48.34,5,6245.528,USA,,
2024-05-19,P11,Product_11,155,34.38,10,4796.01,USA,,
2024-05-19,P12,Product_12,196,12.07,10,2129.148,USA,,
2024-05-19,P13,Product_13,173,33.59,0,5811.070000000001,USA,,
2024-05-19,P14,Product_14,151,14.42,0,2177.42,USA,,
2024-05-19,P15,Product_15,144,47.16,0,6791.039999999999,USA,,
2024-05-19,P16,Product_16,136,5.15,0,700.4000000000001,USA,,
2024-05-19,P17,Product_17,176,38.37,10,6077.808,USA,,
2024-05-19,P18,Product_18,164,41.32,15,5760.008,USA,,
2024-05-19,P19,Product_19,168,25.68,15,3667.104,USA,,
2024-05-19,P20,Product_20,79,7.59,0,599.61,USA,,
2024-05-19,P21,Product_21,63,14.36,15,768.978,USA,,
2024-05-19,P22,Product_22,183,23.15,10,3812.805,USA,,
2024-05-19,P23,Product_23,117,44.94,10,4732.182,USA,,
2024-05-19,P24,Product_24,121,48.4,0,5856.4,USA,,
2024-05-19,P25,Product_25,102,9.47,10,869.3460000000001,USA,,
2024-05-19,P26,Product_26,103,13.09,15,1146.0294999999999,USA,,
2024-05-19,P27,Product_27,170,5.91,10,904.23,USA,,
2024-05-19,P28,Product_28,56,45.58,15,2169.608,USA,,
2024-05-19,P29,Product_29,130,38.38,15,4240.990000000001,USA,,
2024-05-19,P30,Product_30,86,38.27,10,2962.0980000000004,USA,,
2024-05-19,P31,Product_31,186,27.67,10,4631.958,USA,,
2024-05-19,P32,Product_32,125,43.79,15,4652.6875,USA,,
2024-05-19,P33,Product_33,166,23.55,0,3909.3,USA,,
2024-05-19,P34,Product_34,124,22.52,10,2513.232,USA,,
2024-05-19,P35,Product_35,81,37.05,15,2550.8925,USA,,
2024-05-19,P36,Product_36,59,42.92,0,2532.28,USA,,
2024-05-19,P37,Product_37,96,11.29,5,1029.648,USA,,
2024-05-19,P38,Product_38,86,40.83,10,3160.2419999999997,USA,,
2024-05-19,P39,Product_39,127,6.98,10,797.8140000000001,USA,,
2024-05-19,P40,Product_40,85,20.48,15,1479.6799999999998,USA,,
2024-05-19,P41,Product_41,179,30.5,10,4913.55,USA,,
2024-05-19,P42,Product_42,184,15.27,0,2809.68,USA,,
2024-05-19,P43,Product_43,134,8.9,10,1073.3400000000001,USA,,
2024-05-19,P44,Product_44,131,36.57,15,4072.0695,USA,,
2024-05-19,P45,Product_45,107,29.81,5,3030.1865,USA,,
2024-05-19,P46,Product_46,177,11.02,10,1755.486,USA,,
2024-05-19,P47,Product_47,52,49.95,10,2337.6600000000003,USA,,
2024-05-19,P48,Product_48,68,18.07,0,1228.76,USA,,
2024-05-19,P49,Product_49,77,34.1,10,2363.13,USA,,
2024-05-19,P50,Product_50,170,45.0,15,6502.5,USA,,
2024-05-26,P1,Product_1,134,40.08,10,4833.647999999999,USA,,
2024-05-26,P2,Product_2,150,20.81,0,3121.5,USA,,
2024-05-26,P3,Product_3,171,20.06,10,3087.234,USA,,
2024-05-26,P4,Product_4,108,10.75,5,1102.95,USA,,
2024-05-26,P5,Product_5,172,41.77,0,7184.4400000000005,USA,,
2024-05-26,P6,Product_6,160,13.61,15,1850.9599999999998,USA,,
2024-05-26,P7,Product_7,193,27.62,15,4531.061,USA,,
2024-05-26,P8,Product_8,172,32.33,5,5282.721999999999,USA,,
2024-05-26,P9,Product_9,161,44.46,0,7158.06,USA,,
2024-05-26,P10,Product_10,199,44.56,0,8867.44,USA,,
2024-05-26,P11,Product_11,116,12.0,5,1322.3999999999999,USA,,
2024-05-26,P12,Product_12,127,15.97,10,1825.371,USA,,
2024-05-26,P13,Product_13,188,20.49,5,3659.5139999999997,USA,,
2024-05-26,P14,Product_14,66,7.59,5,475.893,USA,,
2024-05-26,P15,Product_15,127,48.68,0,6182.36,USA,,
2024-05-26,P16,Product_16,191,10.75,0,2053.25,USA,,
2024-05-26,P17,Product_17,164,26.34,10,3887.784,USA,,
2024-05-26,P18,Product_18,101,10.33,5,991.1634999999999,USA,,
2024-05-26,P19,Product_19,90,29.69,10,2404.89,USA,,
2024-05-26,P20,Product_20,54,20.78,15,953.802,USA,,
2024-05-26,P21,Product_21,185,30.94,0,5723.900000000001,USA,,
2024-05-26,P22,Product_22,180,48.68,15,7448.039999999999,USA,,
2024-05-26,P23,Product_23,155,17.33,5,2551.8424999999997,USA,,
2024-05-26,P24,Product_24,61,48.38,5,2803.621,USA,,
2024-05-26,P25,Product_25,188,10.83,5,1934.2379999999998,USA,,
2024-05-26,P26,Product_26,70,44.07,10,2776.4100000000003,USA,,
2024-05-26,P27,Product_27,184,9.76,15,1526.464,USA,,
2024-05-26,P28,Product_28,115,28.33,0,3257.95,USA,,
2024-05-26,P29,Product_29,131,10.34,10,1219.086,USA,,
2024-05-26,P30,Product_30,198,47.79,5,8989.298999999999,USA,,
2024-05-26,P31,Product_31,79,38.63,10,2746.593,USA,,
2024-05-26,P32,Product_32,191,6.68,10,1148.292,USA,,
2024-05-26,P33,Product_33,97,11.87,15,978.6814999999999,USA,,
2024-05-26,P34,Product_34,112,39.02,5,4151.728,USA,,
2024-05-26,P35,Product_35,156,20.86,5,3091.4519999999998,USA,,
2024-05-26,P36,Product_36,94,41.63,0,3913.2200000000003,USA,,
2024-05-26,P37,Product_37,183,35.57,15,5532.913500000001,USA,,
2024-05-26,P38,Product_38,150,38.2,10,5157.0,USA,,
2024-05-26,P39,Product_39,162,39.92,5,6143.688,USA,,
2024-05-26,P40,Product_40,127,48.02,15,5183.759,USA,,
2024-05-26,P41,Product_41,85,8.49,10,649.485,USA,,
2024-05-26,P42,Product_42,91,5.09,5,440.03049999999996,USA,,
2024-05-26,P43,Product_43,169,17.78,5,2854.579,USA,,
2024-05-26,P44,Product_44,75,23.74,15,1513.4249999999997,USA,,
2024-05-26,P45,Product_45,193,24.97,0,4819.21,USA,,
2024-05-26,P46,Product_46,53,5.86,0,310.58000000000004,USA,,
2024-05-26,P47,Product_47,149,37.96,5,5373.237999999999,USA,,
2024-05-26,P48,Product_48,194,13.07,10,2282.022,USA,,
2024-05-26,P49,Product_49,184,10.64,10,1761.9840000000002,USA,,
2024-05-26,P50,Product_50,95,32.9,5,2969.225,USA,,
2024-06-02,P1,Product_1,53,36.55,5,1840.2924999999998,USA,,
2024-06-02,P2,Product_2,138,10.33,0,1425.54,USA,,
2024-06-02,P3,Product_3,115,34.45,10,3565.5750000000003,USA,,
2024-06-02,P4,Product_4,66,34.89,5,2187.603,USA,,
2024-06-02,P5,Product_5,55,20.81,15,972.8675,USA,,
2024-06-02,P6,Product_6,79,31.96,5,2398.598,USA,,
2024-06-02,P7,Product_7,136,8.89,5,1148.588,USA,,
2024-06-02,P8,Product_8,101,18.73,15,1607.9705,USA,,
2024-06-02,P9,Product_9,133,32.85,5,4150.5975,USA,,
2024-06-02,P10,Product_10,158,13.35,0,2109.2999999999997,USA,,
2024-06-02,P11,Product_11,102,15.33,0,1563.66,USA,,
2024-06-02,P12,Product_12,75,27.07,0,2030.25,USA,,
2024-06-02,P13,Product_13,132,35.67,15,4002.1740000000004,USA,,
2024-06-02,P14,Product_14,92,20.43,0,1879.56,USA,,
2024-06-02,P15,Product_15,78,26.56,0,2071.68,USA,,
2024-06-02,P16,Product_16,169,13.17,10,2003.1570000000002,USA,,
2024-06-02,P17,Product_17,72,38.34,5,2622.456,USA,,
2024-06-02,P18,Product_18,83,33.3,15,2349.3149999999996,USA,,
2024-06-02,P19,Product_19,119,18.86,10,2019.9060000000002,USA,,
2024-06-02,P20,Product_20,193,22.8,5,4180.38,USA,,
2024-06-02,P21,Product_21,73,43.34,15,2689.247,USA,,
2024-06-02,P22,Product_22,96,35.39,0,3397.44,USA,,
2024-06-02,P23,Product_23,196,45.13,5,8403.206,USA,,
2024-06-02,P24,Product_24,95,38.8,5,3501.6999999999994,USA,,
2024-06-02,P25,Product_25,117,10.43,0,1220.31,USA,,
2024-06-02,P26,Product_26,76,48.49,0,3685.2400000000002,USA,,
2024-06-02,P27,Product_27,158,48.86,15,6561.898,USA,,
2024-06-02,P28,Product_28,150,28.41,15,3622.275,USA,,
2024-06-02,P29,Product_29,114,42.8,15,4147.32,USA,,
2024-06-02,P30,Product_30,72,22.87,10,1481.976,USA,,
2024-06-02,P31,Product_31,86,5.96,15,435.67599999999993,USA,,
2024-06-02,P32,Product_32,78,35.7,5,2645.3700000000003,USA,,
2024-06-02,P33,Product_33,116,13.18,10,1375.992,USA,,
2024-06-02,P34,Product_34,159,44.35,10,6346.485000000001,USA,,
2024-06-02,P35,Product_35,83,10.07,10,752.229,USA,,
2024-06-02,P36,Product_36,69,46.79,0,3228.5099999999998,USA,,
2024-06-02,P37,Product_37,134,12.19,15,1388.441,USA,,
2024-06-02,P38,Product_38,129,25.16,5,3083.3579999999997,USA,,
2024-06-02,P39,Product_39,89,27.9,0,2483.1,USA,,
2024-06-02,P40,Product_40,50,34.49,10,1552.05,USA,,
2024-06-02,P41,Product_41,94,32.93,5,2940.649,USA,,
2024-06-02,P42,Product_42,183,31.63,0,5788.29,USA,,
2024-06-02,P43,Product_43,144,16.34,15,2000.016,USA,,
2024-06-02,P44,Product_44,197,27.26,10,4833.198,USA,,
2024-06-02,P45,Product_45,195,29.54,15,4896.255,USA,,
2024-06-02,P46,Product_46,73,14.92,15,925.7860000000001,USA,,
2024-06-02,P47,Product_47,80,49.68,5,3775.68,USA,,
2024-06-02,P48,Product_48,101,6.59,15,565.7515,USA,,
2024-06-02,P49,Product_49,143,27.65,0,3953.95,USA,,
2024-06-02,P50,Product_50,99,45.06,0,4460.9400000000005,USA,,
2024-06-09,P1,Product_1,131,46.82,5,5826.749,USA,,
2024-06-09,P2,Product_2,157,8.46,0,1328.22,USA,,
2024-06-09,P3,Product_3,111,17.79,5,1875.9554999999998,USA,,
2024-06-09,P4,Product_4,62,33.39,15,1759.6529999999998,USA,,
2024-06-09,P5,Product_5,54,49.05,5,2516.265,USA,,
2024-06-09,P6,Product_6,66,27.38,5,1716.7259999999999,USA,,
2024-06-09,P7,Product_7,172,16.64,5,2718.9759999999997,USA,,
2024-06-09,P8,Product_8,194,35.4,0,6867.599999999999,USA,,
2024-06-09,P9,Product_9,106,6.8,10,648.72,USA,,
2024-06-09,P10,Product_10,161,36.29,0,5842.69,USA,,
2024-06-09,P11,Product_11,79,35.36,5,2653.768,USA,,
2024-06-09,P12,Product_12,119,47.13,15,4767.1995,USA,,
2024-06-09,P13,Product_13,104,8.9,5,879.3199999999999,USA,,
2024-06-09,P14,Product_14,149,32.04,5,4535.262,USA,,
2024-06-09,P15,Product_15,107,23.68,5,2407.0719999999997,USA,,
2024-06-09,P16,Product_16,82,39.4,15,2746.18,USA,,
2024-06-09,P17,Product_17,167,39.74,15,5641.093,USA,,
2024-06-09,P18,Product_18,129,18.15,0,2341.35,USA,,
2024-06-09,P19,Product_19,69,29.52,15,1731.348,USA,,
2024-06-09,P20,Product_20,165,36.32,0,5992.8,USA,,
2024-06-09,P21,Product_21,107,22.45,15,2041.8275,USA,,
2024-06-09,P22,Product_22,175,35.58,0,6226.5,USA,,
2024-06-09,P23,Product_23,103,19.76,10,1831.7520000000002,USA,,
2024-06-09,P24,Product_24,110,36.37,0,4000.7,USA,,
2024-06-09,P25,Product_25,136,36.12,0,4912.32,USA,,
2024-06-09,P26,Product_26,186,11.38,10,1905.0120000000004,USA,,
2024-06-09,P27,Product_27,102,47.0,10,4314.6,USA,,
2024-06-09,P28,Product_28,170,6.49,10,992.97,USA,,
2024-06-09,P29,Product_29,192,49.11,0,9429.119999999999,USA,,
2024-06-09,P30,Product_30,193,30.83,10,5355.170999999999,USA,,
2024-06-09,P31,Product_31,192,21.63,0,4152.96,USA,,
2024-06-09,P32,Product_32,115,46.89,10,4853.115000000001,USA,,
2024-06-09,P33,Product_33,101,28.09,10,2553.3810000000003,USA,,
2024-06-09,P34,Product_34,122,12.73,15,1320.1009999999999,USA,,
2024-06-09,P35,Product_35,79,44.95,0,3551.05,USA,,
2024-06-09,P36,Product_36,106,45.84,10,4373.136,USA,,
2024-06-09,P37,Product_37,71,5.73,15,345.80550000000005,USA,,
2024-06-09,P38,Product_38,189,18.23,10,3100.9230000000002,USA,,
2024-06-09,P39,Product_39,181,12.42,15,1910.817,USA,,
2024-06-09,P40,Product_40,179,45.08,15,6858.922,USA,,
2024-06-09,P41,Product_41,190,13.29,0,2525.1,USA,,
2024-06-09,P42,Product_42,176,44.92,15,6720.032,USA,,
2024-06-09,P43,Product_43,103,9.92,15,868.496,USA,,
2024-06-09,P44,Product_44,125,16.32,15,1734.0,USA,,
2024-06-09,P45,Product_45,169,12.69,10,1930.1490000000001,USA,,
2024-06-09,P46,Product_46,71,27.94,15,1686.1789999999999,USA,,
2024-06-09,P47,Product_47,53,11.83,10,564.291,USA,,
2024-06-09,P48,Product_48,179,23.06,10,3714.966,USA,,
2024-06-09,P49,Product_49,57,25.82,10,1324.566,USA,,
2024-06-09,P50,Product_50,150,22.03,0,3304.5,USA,,
2024-06-16,P1,Product_1,162,24.82,15,3417.714,USA,,
2024-06-16,P2,Product_2,162,35.83,15,4933.791,USA,,
2024-06-16,P3,Product_3,190,30.29,15,4891.834999999999,USA,,
2024-06-16,P4,Product_4,119,46.77,15,4730.7855,USA,,
2024-06-16,P5,Product_5,187,11.86,10,1996.0379999999998,USA,,
2024-06-16,P6,Product_6,145,41.49,15,5113.6425,USA,,
2024-06-16,P7,Product_7,61,15.1,15,782.935,USA,,
2024-06-16,P8,Product_8,85,49.83,10,3811.9950000000003,USA,,
2024-06-16,P9,Product_9,51,34.34,15,1488.6390000000001,USA,,
2024-06-16,P10,Product_10,107,38.13,15,3467.9235000000003,USA,,
2024-06-16,P11,Product_11,161,21.95,15,3003.8574999999996,USA,,
2024-06-16,P12,Product_12,169,42.17,0,7126.7300000000005,USA,,
2024-06-16,P13,Product_13,152,33.43,15,4319.156,USA,,
2024-06-16,P14,Product_14,81,21.15,10,1541.8349999999998,USA,,
2024-06-16,P15,Product_15,73,27.58,15,1711.339,USA,,
2024-06-16,P16,Product_16,125,18.49,10,2080.125,USA,,
2024-06-16,P17,Product_17,68,25.46,5,1644.716,USA,,
2024-06-16,P18,Product_18,162,16.03,10,2337.174,USA,,
2024-06-16,P19,Product_19,159,44.65,0,7099.349999999999,USA,,
2024-06-16,P20,Product_20,183,7.64,5,1328.214,USA,,
2024-06-16,P21,Product_21,58,47.74,15,2353.582,USA,,
2024-06-16,P22,Product_22,168,41.83,10,6324.696,USA,,
2024-06-16,P23,Product_23,116,38.15,5,4204.129999999999,USA,,
2024-06-16,P24,Product_24,56,28.82,15,1371.832,USA,,
2024-06-16,P25,Product_25,197,33.28,10,5900.544,USA,,
2024-06-16,P26,Product_26,91,35.86,15,2773.7709999999997,USA,,
2024-06-16,P27,Product_27,77,22.6,10,1566.18,USA,,
2024-06-16,P28,Product_28,128,29.92,5,3638.272,USA,,
2024-06-16,P29,Product_29,85,30.93,5,2497.5975,USA,,
2024-06-16,P30,Product_30,72,7.11,5,486.324,USA,,
2024-06-16,P31,Product_31,57,17.78,15,861.441,USA,,
2024-06-16,P32,Product_32,177,46.85,0,8292.45,USA,,
2024-06-16,P33,Product_33,93,18.32,5,1618.572,USA,,
2024-06-16,P34,Product_34,78,7.35,5,544.6349999999999,USA,,
2024-06-16,P35,Product_35,56,49.88,15,2374.288,USA,,
2024-06-16,P36,Product_36,122,48.36,5,5604.924,USA,,
2024-06-16,P37,Product_37,100,43.06,5,4090.7,USA,,
2024-06-16,P38,Product_38,101,39.16,15,3361.886,USA,,
2024-06-16,P39,Product_39,135,11.6,5,1487.6999999999998,USA,,
2024-06-16,P40,Product_40,88,17.33,15,1296.2839999999999,USA,,
2024-06-16,P41,Product_41,128,10.0,0,1280.0,USA,,
2024-06-16,P42,Product_42,145,37.37,5,5147.7175,USA,,
2024-06-16,P43,Product_43,172,9.22,15,1347.9640000000002,USA,,
2024-06-16,P44,Product_44,120,40.52,15,4133.04,USA,,
2024-06-16,P45,Product_45,106,19.93,5,2006.9509999999998,USA,,
2024-06-16,P46,Product_46,127,38.4,0,4876.8,USA,,
2024-06-16,P47,Product_47,138,39.42,0,5439.96,USA,,
2024-06-16,P48,Product_48,178,38.96,0,6934.88,USA,,
2024-06-16,P49,Product_49,154,17.0,5,2487.1,USA,,
2024-06-16,P50,Product_50,99,34.37,15,2892.2355,USA,,
2024-06-23,P1,Product_1,191,39.22,15,6367.366999999999,USA,,
2024-06-23,P2,Product_2,197,8.58,10,1521.234,USA,,
2024-06-23,P3,Product_3,116,39.35,15,3879.9100000000003,USA,,
2024-06-23,P4,Product_4,86,44.01,0,3784.8599999999997,USA,,
2024-06-23,P5,Product_5,95,22.12,0,2101.4,USA,,
2024-06-23,P6,Product_6,70,31.86,15,1895.6699999999998,USA,,
2024-06-23,P7,Product_7,165,18.84,0,3108.6,USA,,
2024-06-23,P8,Product_8,87,27.04,5,2234.8559999999998,USA,,
2024-06-23,P9,Product_9,119,16.51,10,1768.2210000000002,USA,,
2024-06-23,P10,Product_10,95,36.64,0,3480.8,USA,,
2024-06-23,P11,Product_11,76,44.46,10,3041.0640000000003,USA,,
2024-06-23,P12,Product_12,167,34.63,0,5783.21,USA,,
2024-06-23,P13,Product_13,166,18.55,10,2771.3700000000003,USA,,
2024-06-23,P14,Product_14,101,43.56,5,4179.582,USA,,
2024-06-23,P15,Product_15,107,8.32,15,756.704,USA,,
2024-06-23,P16,Product_16,163,45.88,0,7478.4400000000005,USA,,
2024-06-23,P17,Product_17,117,13.24,0,1549.08,USA,,
2024-06-23,P18,Product_18,182,39.96,0,7272.72,USA,,
2024-06-23,P19,Product_19,64,13.02,0,833.28,USA,,
2024-06-23,P20,Product_20,56,37.13,10,1871.3520000000003,USA,,
2024-06-23,P21,Product_21,157,44.92,15,5994.5740000000005,USA,,
2024-06-23,P22,Product_22,136,29.14,10,3566.736,USA,,
2024-06-23,P23,Product_23,123,5.12,10,566.784,USA,,
2024-06-23,P24,Product_24,98,27.12,15,2259.096,USA,,
2024-06-23,P25,Product_25,173,44.77,10,6970.689000000001,USA,,
2024-06-23,P26,Product_26,75,47.23,10,3188.0249999999996,USA,,
2024-06-23,P27,Product_27,124,18.7,15,1970.9799999999998,USA,,
2024-06-23,P28,Product_28,103,42.9,5,4197.764999999999,USA,,
2024-06-23,P29,Product_29,195,17.71,0,3453.4500000000003,USA,,
2024-06-23,P30,Product_30,195,16.51,15,2736.5325000000003,USA,,
2024-06-23,P31,Product_31,161,14.6,10,2115.54,USA,,
2024-06-23,P32,Product_32,59,30.84,0,1819.56,USA,,
2024-06-23,P33,Product_33,193,44.12,15,7237.8859999999995,USA,,
2024-06-23,P34,Product_34,110,42.75,5,4467.375,USA,,
2024-06-23,P35,Product_35,81,9.74,10,710.046,USA,,
2024-06-23,P36,Product_36,133,28.88,15,3264.884,USA,,
2024-06-23,P37,Product_37,59,32.16,10,1707.696,USA,,
2024-06-23,P38,Product_38,52,17.46,5,862.524,USA,,
2024-06-23,P39,Product_39,162,30.32,10,4420.656,USA,,
2024-06-23,P40,Product_40,75,12.52,0,939.0,USA,,
2024-06-23,P41,Product_41,120,36.59,5,4171.26,USA,,
2024-06-23,P42,Product_42,109,44.06,0,4802.54,USA,,
2024-06-23,P43,Product_43,161,11.55,15,1580.6175,USA,,
2024-06-23,P44,Product_44,166,12.49,15,1762.3390000000002,USA,,
2024-06-23,P45,Product_45,108,25.89,10,2516.508,USA,,
2024-06-23,P46,Product_46,196,45.75,0,8967.0,USA,,
2024-06-23,P47,Product_47,138,39.56,15,4640.388000000001,USA,,
2024-06-23,P48,Product_48,150,34.93,5,4977.525,USA,,
2024-06-23,P49,Product_49,98,9.93,5,924.483,USA,,
2024-06-23,P50,Product_50,73,41.67,5,2889.8145,USA,,
2024-06-30,P1,Product_1,120,39.01,0,4681.2,USA,,
2024-06-30,P2,Product_2,168,13.64,10,2062.368,USA,,
2024-06-30,P3,Product_3,76,5.75,0,437.0,USA,,
2024-06-30,P4,Product_4,144,46.44,0,6687.36,USA,,
2024-06-30,P5,Product_5,159,30.83,10,4411.772999999999,USA,,
2024-06-30,P6,Product_6,68,15.22,10,931.464,USA,,
2024-06-30,P7,Product_7,89,25.0,5,2113.75,USA,,
2024-06-30,P8,Product_8,161,15.75,15,2155.3875,USA,,
2024-06-30,P9,Product_9,127,13.28,10,1517.904,USA,,
2024-06-30,P10,Product_10,149,36.89,15,4672.1185,USA,,
2024-06-30,P11,Product_11,127,40.72,15,4395.723999999999,USA,,
2024-06-30,P12,Product_12,133,10.28,5,1298.878,USA,,
2024-06-30,P13,Product_13,114,17.4,5,1884.4199999999998,USA,,
2024-06-30,P14,Product_14,184,48.51,15,7586.964,USA,,
2024-06-30,P15,Product_15,170,20.81,0,3537.7,USA,,
2024-06-30,P16,Product_16,107,39.74,10,3826.9620000000004,USA,,
2024-06-30,P17,Product_17,125,28.14,5,3341.625,USA,,
2024-06-30,P18,Product_18,155,19.8,0,3069.0,USA,,
2024-06-30,P19,Product_19,91,41.39,5,3578.1655,USA,,
2024-06-30,P20,Product_20,172,38.19,10,5911.812,USA,,
2024-06-30,P21,Product_21,62,9.93,15,523.3109999999999,USA,,
2024-06-30,P22,Product_22,85,49.44,15,3572.0399999999995,USA,,
2024-06-30,P23,Product_23,110,45.88,0,5046.8,USA,,
2024-06-30,P24,Product_24,59,43.94,0,2592.46,USA,,
2024-06-30,P25,Product_25,147,23.87,10,3158.001,USA,,
2024-06-30,P26,Product_26,130,32.23,10,3770.91,USA,,
2024-06-30,P27,Product_27,190,21.62,15,3491.63,USA,,
2024-06-30,P28,Product_28,95,12.97,15,1047.3275,USA,,
2024-06-30,P29,Product_29,136,43.31,15,5006.6359999999995,USA,,
2024-06-30,P30,Product_30,107,40.94,0,4380.58,USA,,
2024-06-30,P31,Product_31,184,36.26,10,6004.655999999999,USA,,
2024-06-30,P32,Product_32,159,26.53,5,4007.3565000000003,USA,,
2024-06-30,P33,Product_33,168,39.67,0,6664.56,USA,,
2024-06-30,P34,Product_34,172,5.61,0,964.9200000000001,USA,,
2024-06-30,P35,Product_35,97,18.29,0,1774.1299999999999,USA,,
2024-06-30,P36,Product_36,155,43.08,0,6677.4,USA,,
2024-06-30,P37,Product_37,81,12.54,15,863.3789999999999,USA,,
2024-06-30,P38,Product_38,197,11.93,5,2232.6994999999997,USA,,
2024-06-30,P39,Product_39,190,33.73,15,5447.3949999999995,USA,,
2024-06-30,P40,Product_40,95,20.49,0,1946.55,USA,,
2024-06-30,P41,Product_41,157,28.66,10,4049.658,USA,,
2024-06-30,P42,Product_42,189,32.7,10,5562.27,USA,,
2024-06-30,P43,Product_43,154,32.82,0,5054.28,USA,,
2024-06-30,P44,Product_44,180,18.74,0,3373.2,USA,,
2024-06-30,P45,Product_45,187,37.51,0,7014.37,USA,,
2024-06-30,P46,Product_46,131,6.88,0,901.28,USA,,
2024-06-30,P47,Product_47,103,38.91,0,4007.7299999999996,USA,,
2024-06-30,P48,Product_48,125,28.45,0,3556.25,USA,,
2024-06-30,P49,Product_49,144,21.51,10,2787.696,USA,,
2024-06-30,P50,Product_50,160,19.9,5,3024.7999999999997,USA,,
2024-07-07,P1,Product_1,120,25.99,15,2650.9799999999996,USA,,
2024-07-07,P2,Product_2,119,17.14,15,1733.711,USA,,
2024-07-07,P3,Product_3,68,49.06,10,3002.472,USA,,
2024-07-07,P4,Product_4,128,12.8,15,1392.64,USA,,
2024-07-07,P5,Product_5,86,21.95,5,1793.315,USA,,
2024-07-07,P6,Product_6,170,7.48,10,1144.44,USA,,
2024-07-07,P7,Product_7,198,9.34,5,1756.8539999999998,USA,,
2024-07-07,P8,Product_8,53,9.64,5,485.37399999999997,USA,,
2024-07-07,P9,Product_9,89,17.55,10,1405.755,USA,,
2024-07-07,P10,Product_10,82,33.42,15,2329.374,USA,,
2024-07-07,P11,Product_11,94,31.99,5,2856.707,USA,,
2024-07-07,P12,Product_12,197,6.01,0,1183.97,USA,,
2024-07-07,P13,Product_13,167,47.73,10,7173.819,USA,,
2024-07-07,P14,Product_14,75,6.07,15,386.9625,USA,,
2024-07-07,P15,Product_15,153,11.36,5,1651.176,USA,,
2024-07-07,P16,Product_16,168,12.05,0,2024.4,USA,,
2024-07-07,P17,Product_17,103,8.2,15,717.9099999999999,USA,,
2024-07-07,P18,Product_18,57,45.48,10,2333.124,USA,,
2024-07-07,P19,Product_19,123,14.21,15,1485.6555,USA,,
2024-07-07,P20,Product_20,77,10.89,15,712.7505000000001,USA,,
2024-07-07,P21,Product_21,58,43.21,10,2255.562,USA,,
2024-07-07,P22,Product_22,187,41.92,5,7447.088,USA,,
2024-07-07,P23,Product_23,114,49.34,15,4781.046,USA,,
2024-07-07,P24,Product_24,169,43.85,5,7040.1175,USA,,
2024-07-07,P25,Product_25,158,16.69,10,2373.318,USA,,
2024-07-07,P26,Product_26,66,28.65,10,1701.81,USA,,
2024-07-07,P27,Product_27,74,31.87,5,2240.461,USA,,
2024-07-07,P28,Product_28,159,17.79,0,2828.6099999999997,USA,,
2024-07-07,P29,Product_29,104,10.91,0,1134.64,USA,,
2024-07-07,P30,Product_30,196,41.82,0,8196.72,USA,,
2024-07-07,P31,Product_31,53,25.1,5,1263.785,USA,,
2024-07-07,P32,Product_32,152,38.18,10,5223.023999999999,USA,,
2024-07-07,P33,Product_33,95,42.21,5,3809.4525,USA,,
2024-07-07,P34,Product_34,70,44.74,0,3131.8,USA,,
2024-07-07,P35,Product_35,85,35.14,0,2986.9,USA,,
2024-07-07,P36,Product_36,184,12.35,0,2272.4,USA,,
2024-07-07,P37,Product_37,144,33.98,0,4893.12,USA,,
2024-07-07,P38,Product_38,140,36.49,15,4342.31,USA,,
2024-07-07,P39,Product_39,50,40.12,0,2005.9999999999998,USA,,
2024-07-07,P40,Product_40,65,35.72,10,2089.62,USA,,
2024-07-07,P41,Product_41,94,31.89,10,2697.894,USA,,
2024-07-07,P42,Product_42,102,49.4,10,4534.92,USA,,
2024-07-07,P43,Product_43,78,5.72,0,446.15999999999997,USA,,
2024-07-07,P44,Product_44,109,28.14,0,3067.26,USA,,
2024-07-07,P45,Product_45,190,29.97,5,5409.585,USA,,
2024-07-07,P46,Product_46,52,25.87,15,1143.454,USA,,
2024-07-07,P47,Product_47,165,21.92,15,3074.28,USA,,
2024-07-07,P48,Product_48,80,41.55,10,2991.6,USA,,
2024-07-07,P49,Product_49,195,5.14,10,902.0699999999999,USA,,
2024-07-07,P50,Product_50,115,13.87,0,1595.05,USA,,
2024-07-14,P1,Product_1,82,47.71,15,3325.387,USA,,
2024-07-14,P2,Product_2,61,41.62,5,2411.8789999999995,USA,,
2024-07-14,P3,Product_3,185,17.92,0,3315.2000000000003,USA,,
2024-07-14,P4,Product_4,50,27.03,0,1351.5,USA,,
2024-07-14,P5,Product_5,87,22.69,15,1677.9255,USA,,
2024-07-14,P6,Product_6,184,10.26,0,1887.84,USA,,
2024-07-14,P7,Product_7,158,29.28,15,3932.3039999999996,USA,,
2024-07-14,P8,Product_8,109,15.74,15,1458.311,USA,,
2024-07-14,P9,Product_9,103,39.46,5,3861.161,USA,,
2024-07-14,P10,Product_10,84,28.53,5,2276.694,USA,,
2024-07-14,P11,Product_11,120,47.15,15,4809.3,USA,,
2024-07-14,P12,Product_12,62,34.33,10,1915.614,USA,,
2024-07-14,P13,Product_13,182,39.92,10,6538.896000000001,USA,,
2024-07-14,P14,Product_14,178,36.12,10,5786.424,USA,,
2024-07-14,P15,Product_15,94,16.85,5,1504.705,USA,,
2024-07-14,P16,Product_16,96,15.6,5,1422.7199999999998,USA,,
2024-07-14,P17,Product_17,131,42.38,5,5274.191000000001,USA,,
2024-07-14,P18,Product_18,86,8.2,10,634.68,USA,,
2024-07-14,P19,Product_19,81,17.82,10,1299.0780000000002,USA,,
2024-07-14,P20,Product_20,153,41.13,5,5978.2455,USA,,
2024-07-14,P21,Product_21,197,41.62,0,8199.14,USA,,
2024-07-14,P22,Product_22,177,20.1,10,3201.9300000000003,USA,,
2024-07-14,P23,Product_23,160,28.66,10,4127.040000000001,USA,,
2024-07-14,P24,Product_24,114,13.37,0,1524.1799999999998,USA,,
2024-07-14,P25,Product_25,145,45.97,15,5665.8025,USA,,
2024-07-14,P26,Product_26,112,36.14,10,3642.9120000000003,USA,,
2024-07-14,P27,Product_27,74,36.78,10,2449.5480000000002,USA,,
2024-07-14,P28,Product_28,155,6.68,5,983.6299999999998,USA,,
2024-07-14,P29,Product_29,100,44.8,15,3808.0,USA,,
2024-07-14,P30,Product_30,180,43.39,15,6638.67,USA,,
2024-07-14,P31,Product_31,196,33.79,5,6291.697999999999,USA,,
2024-07-14,P32,Product_32,108,7.23,5,741.798,USA,,
2024-07-14,P33,Product_33,71,22.26,5,1501.437,USA,,
2024-07-14,P34,Product_34,64,38.13,10,2196.288,USA,,
2024-07-14,P35,Product_35,72,32.33,0,2327.7599999999998,USA,,
2024-07-14,P36,Product_36,98,41.65,0,4081.7,USA,,
2024-07-14,P37,Product_37,115,38.7,0,4450.5,USA,,
2024-07-14,P38,Product_38,71,12.72,10,812.808,USA,,
2024-07-14,P39,Product_39,160,36.19,0,5790.4,USA,,
2024-07-14,P40,Product_40,164,33.47,10,4940.1720000000005,USA,,
2024-07-14,P41,Product_41,119,37.3,15,3772.8949999999995,USA,,
2024-07-14,P42,Product_42,170,22.06,15,3187.6699999999996,USA,,
2024-07-14,P43,Product_43,117,46.11,15,4585.6395,USA,,
2024-07-14,P44,Product_44,87,35.02,0,3046.7400000000002,USA,,
2024-07-14,P45,Product_45,111,22.54,0,2501.94,USA,,
2024-07-14,P46,Product_46,127,49.35,10,5640.705,USA,,
2024-07-14,P47,Product_47,114,38.16,10,3915.216,USA,,
2024-07-14,P48,Product_48,54,13.2,15,605.88,USA,,
2024-07-14,P49,Product_49,133,35.76,0,4756.08,USA,,
2024-07-14,P50,Product_50,147,5.41,15,675.9794999999999,USA,,
2024-07-21,P1,Product_1,56,31.69,5,1685.9080000000001,USA,,
2024-07-21,P2,Product_2,71,40.41,15,2438.7434999999996,USA,,
2024-07-21,P3,Product_3,56,18.38,10,926.352,USA,,
2024-07-21,P4,Product_4,66,35.64,15,1999.4040000000002,USA,,
2024-07-21,P5,Product_5,169,13.25,10,2015.325,USA,,
2024-07-21,P6,Product_6,167,37.04,10,5567.112,USA,,
2024-07-21,P7,Product_7,183,34.26,10,5642.622,USA,,
2024-07-21,P8,Product_8,172,11.61,10,1797.2279999999998,USA,,
2024-07-21,P9,Product_9,184,37.01,10,6128.856,USA,,
2024-07-21,P10,Product_10,176,22.5,15,3366.0,USA,,
2024-07-21,P11,Product_11,122,47.08,0,5743.76,USA,,
2024-07-21,P12,Product_12,144,42.31,10,5483.376,USA,,
2024-07-21,P13,Product_13,141,47.45,10,6021.405000000001,USA,,
2024-07-21,P14,Product_14,110,7.9,5,825.55,USA,,
2024-07-21,P15,Product_15,149,11.16,0,1662.84,USA,,
2024-07-21,P16,Product_16,56,35.94,15,1710.744,USA,,
2024-07-21,P17,Product_17,168,30.19,15,4311.132,USA,,
2024-07-21,P18,Product_18,145,15.66,0,2270.7,USA,,
2024-07-21,P19,Product_19,56,22.16,10,1116.864,USA,,
2024-07-21,P20,Product_20,63,23.83,0,1501.29,USA,,
2024-07-21,P21,Product_21,115,30.98,10,3206.4300000000003,USA,,
2024-07-21,P22,Product_22,116,31.16,5,3433.832,USA,,
2024-07-21,P23,Product_23,194,12.23,15,2016.7269999999999,USA,,
2024-07-21,P24,Product_24,166,9.88,15,1394.068,USA,,
2024-07-21,P25,Product_25,70,15.82,15,941.2900000000001,USA,,
2024-07-21,P26,Product_26,59,8.97,15,449.8455,USA,,
2024-07-21,P27,Product_27,57,25.89,10,1328.1570000000002,USA,,
2024-07-21,P28,Product_28,86,33.8,0,2906.7999999999997,USA,,
2024-07-21,P29,Product_29,148,16.74,0,2477.52,USA,,
2024-07-21,P30,Product_30,55,36.1,0,1985.5,USA,,
2024-07-21,P31,Product_31,172,39.9,5,6519.66,USA,,
2024-07-21,P32,Product_32,199,17.13,15,2897.5395,USA,,
2024-07-21,P33,Product_33,184,9.91,10,1641.096,USA,,
2024-07-21,P34,Product_34,91,8.93,0,812.63,USA,,
2024-07-21,P35,Product_35,103,39.0,10,3615.3,USA,,
2024-07-21,P36,Product_36,62,5.92,0,367.04,USA,,
2024-07-21,P37,Product_37,192,19.08,10,3297.024,USA,,
2024-07-21,P38,Product_38,187,37.24,10,6267.492,USA,,
2024-07-21,P39,Product_39,130,30.59,10,3579.0299999999997,USA,,
2024-07-21,P40,Product_40,197,17.28,5,3233.952,USA,,
2024-07-21,P41,Product_41,77,12.0,10,831.6,USA,,
2024-07-21,P42,Product_42,103,37.07,15,3245.4785,USA,,
2024-07-21,P43,Product_43,61,44.62,15,2313.5469999999996,USA,,
2024-07-21,P44,Product_44,101,6.73,0,679.73,USA,,
2024-07-21,P45,Product_45,53,41.14,0,2180.42,USA,,
2024-07-21,P46,Product_46,162,46.57,15,6412.689,USA,,
2024-07-21,P47,Product_47,109,24.8,0,2703.2000000000003,USA,,
2024-07-21,P48,Product_48,160,18.44,5,2802.88,USA,,
2024-07-21,P49,Product_49,116,5.64,15,556.104,USA,,
2024-07-21,P50,Product_50,156,26.79,10,3761.316,USA,,
2024-07-28,P1,Product_1,54,31.58,5,1620.0539999999999,USA,,
2024-07-28,P2,Product_2,190,32.07,15,5179.305,USA,,
2024-07-28,P3,Product_3,69,6.06,15,355.419,USA,,
2024-07-28,P4,Product_4,187,21.81,0,4078.47,USA,,
2024-07-28,P5,Product_5,152,14.96,10,2046.528,USA,,
2024-07-28,P6,Product_6,134,5.22,0,699.48,USA,,
2024-07-28,P7,Product_7,156,13.25,10,1860.3,USA,,
2024-07-28,P8,Product_8,139,42.29,5,5584.394499999999,USA,,
2024-07-28,P9,Product_9,145,20.85,15,2569.7625,USA,,
2024-07-28,P10,Product_10,89,28.3,10,2266.8300000000004,USA,,
2024-07-28,P11,Product_11,150,41.47,15,5287.425,USA,,
2024-07-28,P12,Product_12,173,39.95,0,6911.35,USA,,
2024-07-28,P13,Product_13,69,35.3,0,2435.7,USA,,
2024-07-28,P14,Product_14,113,39.19,15,3764.1994999999993,USA,,
2024-07-28,P15,Product_15,80,39.32,10,2831.04,USA,,
2024-07-28,P16,Product_16,189,30.16,10,5130.216,USA,,
2024-07-28,P17,Product_17,141,47.14,0,6646.74,USA,,
2024-07-28,P18,Product_18,176,31.14,0,5480.64,USA,,
2024-07-28,P19,Product_19,88,30.93,5,2585.748,USA,,
2024-07-28,P20,Product_20,55,41.01,15,1917.2174999999997,USA,,
2024-07-28,P21,Product_21,164,27.16,5,4231.527999999999,USA,,
2024-07-28,P22,Product_22,87,48.99,15,3622.8105,USA,,
2024-07-28,P23,Product_23,123,40.95,10,4533.165000000001,USA,,
2024-07-28,P24,Product_24,163,49.12,0,8006.5599999999995,USA,,
2024-07-28,P25,Product_25,110,22.95,15,2145.825,USA,,
2024-07-28,P26,Product_26,56,17.44,5,927.8080000000001,USA,,
2024-07-28,P27,Product_27,138,14.54,10,1805.868,USA,,
2024-07-28,P28,Product_28,89,40.11,10,3212.811,USA,,
2024-07-28,P29,Product_29,195,9.93,0,1936.35,USA,,
2024-07-28,P30,Product_30,128,8.91,0,1140.48,USA,,
2024-07-28,P31,Product_31,93,44.36,5,3919.205999999999,USA,,
2024-07-28,P32,Product_32,63,21.63,0,1362.6899999999998,USA,,
2024-07-28,P33,Product_33,121,49.87,0,6034.2699999999995,USA,,
2024-07-28,P34,Product_34,144,6.9,0,993.6,USA,,
2024-07-28,P35,Product_35,112,41.55,0,4653.599999999999,USA,,
2024-07-28,P36,Product_36,89,46.89,0,4173.21,USA,,
2024-07-28,P37,Product_37,118,5.02,15,503.5059999999999,USA,,
2024-07-28,P38,Product_38,97,9.37,15,772.5564999999999,USA,,
2024-07-28,P39,Product_39,144,35.91,5,4912.4879999999985,USA,,
2024-07-28,P40,Product_40,181,8.17,10,1330.893,USA,,
2024-07-28,P41,Product_41,102,44.19,10,4056.6420000000003,USA,,
2024-07-28,P42,Product_42,64,12.55,15,682.72,USA,,
2024-07-28,P43,Product_43,63,13.66,5,817.551,USA,,
2024-07-28,P44,Product_44,172,8.02,5,1310.4679999999998,USA,,
2024-07-28,P45,Product_45,97,39.92,0,3872.2400000000002,USA,,
2024-07-28,P46,Product_46,183,11.91,10,1961.5770000000002,USA,,
2024-07-28,P47,Product_47,193,6.69,10,1162.053,USA,,
2024-07-28,P48,Product_48,142,25.72,5,3469.6279999999997,USA,,
2024-07-28,P49,Product_49,53,22.77,15,1025.7884999999999,USA,,
2024-07-28,P50,Product_50,119,21.96,5,2482.578,USA,,
2024-08-04,P1,Product_1,65,36.74,15,2029.8849999999998,USA,,
2024-08-04,P2,Product_2,115,27.77,10,2874.1949999999997,USA,,
2024-08-04,P3,Product_3,135,27.02,5,3465.3149999999996,USA,,
2024-08-04,P4,Product_4,195,42.43,0,8273.85,USA,,
2024-08-04,P5,Product_5,55,25.79,5,1347.5275,USA,,
2024-08-04,P6,Product_6,127,38.97,0,4949.19,USA,,
2024-08-04,P7,Product_7,129,7.77,5,952.2134999999998,USA,,
2024-08-04,P8,Product_8,126,24.63,15,2637.8729999999996,USA,,
2024-08-04,P9,Product_9,191,16.84,5,3055.618,USA,,
2024-08-04,P10,Product_10,82,39.3,5,3061.47,USA,,
2024-08-04,P11,Product_11,86,17.65,15,1290.215,USA,,
2024-08-04,P12,Product_12,139,6.66,0,925.74,USA,,
2024-08-04,P13,Product_13,126,33.19,15,3554.6489999999994,USA,,
2024-08-04,P14,Product_14,82,25.66,15,1788.502,USA,,
2024-08-04,P15,Product_15,67,18.29,5,1164.1584999999998,USA,,
2024-08-04,P16,Product_16,109,28.92,0,3152.28,USA,,
2024-08-04,P17,Product_17,151,12.04,0,1818.04,USA,,
2024-08-04,P18,Product_18,117,43.69,5,4856.143499999999,USA,,
2024-08-04,P19,Product_19,62,8.72,10,486.576,USA,,
2024-08-04,P20,Product_20,69,48.76,5,3196.218,USA,,
2024-08-04,P21,Product_21,177,5.98,0,1058.46,USA,,
2024-08-04,P22,Product_22,123,33.36,0,4103.28,USA,,
2024-08-04,P23,Product_23,196,6.65,10,1173.0600000000002,USA,,
2024-08-04,P24,Product_24,123,15.41,15,1611.1155,USA,,
2024-08-04,P25,Product_25,72,29.8,10,1931.04,USA,,
2024-08-04,P26,Product_26,77,38.99,10,2702.007,USA,,
2024-08-04,P27,Product_27,189,34.8,10,5919.48,USA,,
2024-08-04,P28,Product_28,176,38.9,0,6846.4,USA,,
2024-08-04,P29,Product_29,172,14.94,0,2569.68,USA,,
2024-08-04,P30,Product_30,62,30.56,5,1799.984,USA,,
2024-08-04,P31,Product_31,87,7.54,15,557.583,USA,,
2024-08-04,P32,Product_32,93,48.55,0,4515.15,USA,,
2024-08-04,P33,Product_33,63,21.64,10,1226.988,USA,,
2024-08-04,P34,Product_34,140,16.93,0,2370.2,USA,,
2024-08-04,P35,Product_35,182,28.76,10,4710.888000000001,USA,,
2024-08-04,P36,Product_36,139,26.67,5,3521.7735,USA,,
2024-08-04,P37,Product_37,113,34.33,10,3491.361,USA,,
2024-08-04,P38,Product_38,104,9.62,15,850.4079999999999,USA,,
2024-08-04,P39,Product_39,86,43.85,10,3393.99,USA,,
2024-08-04,P40,Product_40,194,6.16,10,1075.536,USA,,
2024-08-04,P41,Product_41,163,10.17,5,1574.8245,USA,,
2024-08-04,P42,Product_42,128,15.76,5,1916.416,USA,,
2024-08-04,P43,Product_43,172,37.12,15,5426.9439999999995,USA,,
2024-08-04,P44,Product_44,75,32.41,10,2187.6749999999997,USA,,
2024-08-04,P45,Product_45,136,46.68,0,6348.48,USA,,
2024-08-04,P46,Product_46,87,13.9,5,1148.8349999999998,USA,,
2024-08-04,P47,Product_47,133,25.68,5,3244.668,USA,,
2024-08-04,P48,Product_48,103,24.25,15,2123.0875,USA,,
2024-08-04,P49,Product_49,156,6.92,15,917.592,USA,,
2024-08-04,P50,Product_50,65,8.23,10,481.45500000000004,USA,,
2024-08-11,P1,Product_1,166,14.73,10,2200.6620000000003,USA,,
2024-08-11,P2,Product_2,61,44.81,0,2733.4100000000003,USA,,
2024-08-11,P3,Product_3,142,42.63,15,5145.441,USA,,
2024-08-11,P4,Product_4,126,34.61,10,3924.774,USA,,
2024-08-11,P5,Product_5,157,40.24,15,5370.028,USA,,
2024-08-11,P6,Product_6,58,22.72,15,1120.096,USA,,
2024-08-11,P7,Product_7,158,21.35,5,3204.635,USA,,
2024-08-11,P8,Product_8,52,43.95,5,2171.13,USA,,
2024-08-11,P9,Product_9,89,48.34,5,4087.147,USA,,
2024-08-11,P10,Product_10,101,36.2,0,3656.2000000000003,USA,,
2024-08-11,P11,Product_11,119,15.91,10,1703.961,USA,,
2024-08-11,P12,Product_12,72,36.28,10,2350.944,USA,,
2024-08-11,P13,Product_13,68,38.67,5,2498.082,USA,,
2024-08-11,P14,Product_14,121,26.18,0,3167.7799999999997,USA,,
2024-08-11,P15,Product_15,99,40.02,0,3961.9800000000005,USA,,
2024-08-11,P16,Product_16,116,43.4,10,4530.96,USA,,
2024-08-11,P17,Product_17,98,17.49,15,1456.9169999999997,USA,,
2024-08-11,P18,Product_18,160,25.28,10,3640.32,USA,,
2024-08-11,P19,Product_19,109,9.47,10,929.0070000000001,USA,,
2024-08-11,P20,Product_20,77,21.51,0,1656.2700000000002,USA,,
2024-08-11,P21,Product_21,154,10.64,5,1556.632,USA,,
2024-08-11,P22,Product_22,134,26.55,5,3379.815,USA,,
2024-08-11,P23,Product_23,119,42.43,15,4291.7945,USA,,
2024-08-11,P24,Product_24,65,25.44,10,1488.2400000000002,USA,,
2024-08-11,P25,Product_25,196,13.69,5,2549.0779999999995,USA,,
2024-08-11,P26,Product_26,150,18.7,0,2805.0,USA,,
2024-08-11,P27,Product_27,86,18.01,15,1316.5310000000002,USA,,
2024-08-11,P28,Product_28,147,20.54,10,2717.4419999999996,USA,,
2024-08-11,P29,Product_29,125,29.44,5,3496.0,USA,,
2024-08-11,P30,Product_30,181,33.76,0,6110.5599999999995,USA,,
2024-08-11,P31,Product_31,70,9.55,10,601.65,USA,,
2024-08-11,P32,Product_32,129,8.76,5,1073.538,USA,,
2024-08-11,P33,Product_33,127,12.18,10,1392.174,USA,,
2024-08-11,P34,Product_34,100,23.48,0,2348.0,USA,,
2024-08-11,P35,Product_35,51,29.99,15,1300.0665,USA,,
2024-08-11,P36,Product_36,155,43.32,10,6043.14,USA,,
2024-08-11,P37,Product_37,72,12.07,5,825.588,USA,,
2024-08-11,P38,Product_38,110,8.5,10,841.5,USA,,
2024-08-11,P39,Product_39,178,17.8,0,3168.4,USA,,
2024-08-11,P40,Product_40,151,39.55,15,5076.242499999999,USA,,
2024-08-11,P41,Product_41,142,37.94,15,4579.357999999999,USA,,
2024-08-11,P42,Product_42,62,34.87,0,2161.94,USA,,
2024-08-11,P43,Product_43,176,37.09,15,5548.664,USA,,
2024-08-11,P44,Product_44,113,15.64,10,1590.5880000000002,USA,,
2024-08-11,P45,Product_45,195,20.88,10,3664.44,USA,,
2024-08-11,P46,Product_46,75,32.8,10,2214.0,USA,,
2024-08-11,P47,Product_47,77,39.64,15,2594.438,USA,,
2024-08-11,P48,Product_48,54,48.88,0,2639.52,USA,,
2024-08-11,P49,Product_49,199,25.96,10,4649.436,USA,,
2024-08-11,P50,Product_50,59,14.9,10,791.19,USA,,
2024-08-18,P1,Product_1,71,13.64,10,871.5960000000001,USA,,
2024-08-18,P2,Product_2,95,32.31,0,3069.4500000000003,USA,,
2024-08-18,P3,Product_3,167,43.9,10,6598.17,USA,,
2024-08-18,P4,Product_4,97,27.17,10,2371.9410000000003,USA,,
2024-08-18,P5,Product_5,141,38.23,10,4851.387,USA,,
2024-08-18,P6,Product_6,123,27.51,0,3383.73,USA,,
2024-08-18,P7,Product_7,97,39.56,15,3261.722,USA,,
2024-08-18,P8,Product_8,196,49.39,15,8228.374,USA,,
2024-08-18,P9,Product_9,91,27.45,0,2497.95,USA,,
2024-08-18,P10,Product_10,161,13.57,15,1857.0545,USA,,
2024-08-18,P11,Product_11,199,48.49,5,9167.0345,USA,,
2024-08-18,P12,Product_12,53,34.39,0,1822.67,USA,,
2024-08-18,P13,Product_13,179,10.16,5,1727.708,USA,,
2024-08-18,P14,Product_14,74,24.99,15,1571.8709999999999,USA,,
2024-08-18,P15,Product_15,120,25.7,15,2621.4,USA,,
2024-08-18,P16,Product_16,156,11.38,5,1686.516,USA,,
2024-08-18,P17,Product_17,68,38.54,10,2358.6479999999997,USA,,
2024-08-18,P18,Product_18,128,44.91,0,5748.48,USA,,
2024-08-18,P19,Product_19,100,37.41,0,3740.9999999999995,USA,,
2024-08-18,P20,Product_20,168,28.62,15,4086.9359999999997,USA,,
2024-08-18,P21,Product_21,120,41.15,10,4444.2,USA,,
2024-08-18,P22,Product_22,86,41.2,0,3543.2000000000003,USA,,
2024-08-18,P23,Product_23,157,16.35,15,2181.9075000000003,USA,,
2024-08-18,P24,Product_24,164,21.0,15,2927.4,USA,,
2024-08-18,P25,Product_25,70,9.23,5,613.795,USA,,
2024-08-18,P26,Product_26,175,42.83,0,7495.25,USA,,
2024-08-18,P27,Product_27,152,34.44,10,4711.392,USA,,
2024-08-18,P28,Product_28,74,37.54,10,2500.164,USA,,
2024-08-18,P29,Product_29,158,11.71,10,1665.162,USA,,
2024-08-18,P30,Product_30,122,36.59,10,4017.5820000000003,USA,,
2024-08-18,P31,Product_31,129,37.9,0,4889.099999999999,USA,,
2024-08-18,P32,Product_32,132,10.87,0,1434.84,USA,,
2024-08-18,P33,Product_33,120,23.17,10,2502.36,USA,,
2024-08-18,P34,Product_34,135,38.94,0,5256.9,USA,,
2024-08-18,P35,Product_35,51,41.81,15,1812.4634999999998,USA,,
2024-08-18,P36,Product_36,112,12.96,10,1306.368,USA,,
2024-08-18,P37,Product_37,92,46.48,0,4276.16,USA,,
2024-08-18,P38,Product_38,121,36.51,15,3755.0535,USA,,
2024-08-18,P39,Product_39,73,5.59,10,367.263,USA,,
2024-08-18,P40,Product_40,58,46.32,0,2686.56,USA,,
2024-08-18,P41,Product_41,143,48.74,5,6621.329000000001,USA,,
2024-08-18,P42,Product_42,198,19.67,15,3310.4610000000002,USA,,
2024-08-18,P43,Product_43,67,31.09,15,1770.5755000000001,USA,,
2024-08-18,P44,Product_44,153,21.15,5,3074.1524999999997,USA,,
2024-08-18,P45,Product_45,106,30.5,5,3071.35,USA,,
2024-08-18,P46,Product_46,177,30.48,15,4585.716,USA,,
2024-08-18,P47,Product_47,139,37.81,5,4992.8105,USA,,
2024-08-18,P48,Product_48,140,31.06,5,4130.98,USA,,
2024-08-18,P49,Product_49,77,35.09,10,2431.7370000000005,USA,,
2024-08-18,P50,Product_50,103,36.89,10,3419.703,USA,,
2024-08-25,P1,Product_1,177,7.69,5,1293.0735,USA,,
2024-08-25,P2,Product_2,175,29.32,15,4361.349999999999,USA,,
2024-08-25,P3,Product_3,104,5.07,15,448.188,USA,,
2024-08-25,P4,Product_4,141,27.76,0,3914.1600000000003,USA,,
2024-08-25,P5,Product_5,183,32.45,5,5641.4325,USA,,
2024-08-25,P6,Product_6,169,41.01,5,6584.155499999999,USA,,
2024-08-25,P7,Product_7,131,41.02,5,5104.939,USA,,
2024-08-25,P8,Product_8,178,39.55,10,6335.91,USA,,
2024-08-25,P9,Product_9,173,38.76,5,6370.205999999999,USA,,
2024-08-25,P10,Product_10,55,9.68,10,479.15999999999997,USA,,
2024-08-25,P11,Product_11,130,35.64,15,3938.22,USA,,
2024-08-25,P12,Product_12,104,6.99,0,726.96,USA,,
2024-08-25,P13,Product_13,108,39.1,0,4222.8,USA,,
2024-08-25,P14,Product_14,60,15.2,10,820.8000000000001,USA,,
2024-08-25,P15,Product_15,122,40.79,15,4229.923,USA,,
2024-08-25,P16,Product_16,181,19.14,5,3291.123,USA,,
2024-08-25,P17,Product_17,174,48.18,5,7964.1539999999995,USA,,
2024-08-25,P18,Product_18,153,48.27,15,6277.5135,USA,,
2024-08-25,P19,Product_19,61,46.27,15,2399.0995000000003,USA,,
2024-08-25,P20,Product_20,80,26.41,5,2007.16,USA,,
2024-08-25,P21,Product_21,114,43.04,15,4170.575999999999,USA,,
2024-08-25,P22,Product_22,186,6.74,15,1065.594,USA,,
2024-08-25,P23,Product_23,81,32.13,15,2212.1505,USA,,
2024-08-25,P24,Product_24,60,26.99,10,1457.4599999999998,USA,,
2024-08-25,P25,Product_25,144,45.59,15,5580.216,USA,,
2024-08-25,P26,Product_26,104,26.61,10,2490.696,USA,,
2024-08-25,P27,Product_27,127,31.97,10,3654.1710000000003,USA,,
2024-08-25,P28,Product_28,151,19.47,5,2792.9714999999997,USA,,
2024-08-25,P29,Product_29,165,45.26,0,7467.9,USA,,
2024-08-25,P30,Product_30,62,34.15,5,2011.4349999999997,USA,,
2024-08-25,P31,Product_31,194,21.61,10,3773.106,USA,,
2024-08-25,P32,Product_32,70,22.09,15,1314.355,USA,,
2024-08-25,P33,Product_33,126,12.75,15,1365.5249999999999,USA,,
2024-08-25,P34,Product_34,65,43.84,0,2849.6000000000004,USA,,
2024-08-25,P35,Product_35,58,17.58,10,917.6759999999999,USA,,
2024-08-25,P36,Product_36,196,9.36,10,1651.104,USA,,
2024-08-25,P37,Product_37,189,29.26,5,5253.633,USA,,
2024-08-25,P38,Product_38,55,42.59,0,2342.4500000000003,USA,,
2024-08-25,P39,Product_39,179,38.57,0,6904.03,USA,,
2024-08-25,P40,Product_40,167,29.82,5,4730.942999999999,USA,,
2024-08-25,P41,Product_41,120,33.04,5,3766.5599999999995,USA,,
2024-08-25,P42,Product_42,53,23.84,15,1073.992,USA,,
2024-08-25,P43,Product_43,63,11.8,5,706.23,USA,,
2024-08-25,P44,Product_44,150,15.28,0,2292.0,USA,,
2024-08-25,P45,Product_45,168,17.43,5,2781.8279999999995,USA,,
2024-08-25,P46,Product_46,191,20.57,15,3339.5395,USA,,
2024-08-25,P47,Product_47,105,38.65,0,4058.25,USA,,
2024-08-25,P48,Product_48,57,45.16,5,2445.4139999999998,USA,,
2024-08-25,P49,Product_49,145,20.26,10,2643.9300000000003,USA,,
2024-08-25,P50,Product_50,137,13.26,15,1544.127,USA,,
2024-09-01,P1,Product_1,157,37.72,0,5922.04,USA,,314.851
2024-09-01,P2,Product_2,167,18.47,0,3084.49,USA,,314.851
2024-09-01,P3,Product_3,68,5.97,15,345.066,USA,,314.851
2024-09-01,P4,Product_4,178,34.78,10,5571.756,USA,,314.851
2024-09-01,P5,Product_5,144,38.47,15,4708.728,USA,,314.851
2024-09-01,P6,Product_6,155,36.23,10,5054.085,USA,,314.851
2024-09-01,P7,Product_7,84,10.59,0,889.56,USA,,314.851
2024-09-01,P8,Product_8,112,31.05,0,3477.6,USA,,314.851
2024-09-01,P9,Product_9,140,48.24,10,6078.240000000001,USA,,314.851
2024-09-01,P10,Product_10,166,34.84,0,5783.4400000000005,USA,,314.851
2024-09-01,P11,Product_11,114,23.8,0,2713.2000000000003,USA,,314.851
2024-09-01,P12,Product_12,143,19.9,10,2561.13,USA,,314.851
2024-09-01,P13,Product_13,81,24.78,0,2007.18,USA,,314.851
2024-09-01,P14,Product_14,163,32.85,5,5086.8225,USA,,314.851
2024-09-01,P15,Product_15,72,44.3,5,3030.12,USA,,314.851
2024-09-01,P16,Product_16,104,27.09,15,2394.756,USA,,314.851
2024-09-01,P17,Product_17,74,26.78,5,1882.634,USA,,314.851
2024-09-01,P18,Product_18,83,23.83,0,1977.8899999999999,USA,,314.851
2024-09-01,P19,Product_19,196,30.97,10,5463.108,USA,,314.851
2024-09-01,P20,Product_20,56,31.93,0,1788.08,USA,,314.851
2024-09-01,P21,Product_21,192,27.86,15,4546.7519999999995,USA,,314.851
2024-09-01,P22,Product_22,90,37.82,0,3403.8,USA,,314.851
2024-09-01,P23,Product_23,72,18.69,15,1143.828,USA,,314.851
2024-09-01,P24,Product_24,173,13.59,0,2351.07,USA,,314.851
2024-09-01,P25,Product_25,106,5.62,0,595.72,USA,,314.851
2024-09-01,P26,Product_26,150,32.23,10,4351.049999999999,USA,,314.851
2024-09-01,P27,Product_27,178,46.72,0,8316.16,USA,,314.851
2024-09-01,P28,Product_28,76,10.31,10,705.2040000000001,USA,,314.851
2024-09-01,P29,Product_29,160,6.98,10,1005.1200000000002,USA,,314.851
2024-09-01,P30,Product_30,125,26.49,5,3145.6875,USA,,314.851
2024-09-01,P31,Product_31,74,8.77,5,616.531,USA,,314.851
2024-09-01,P32,Product_32,159,5.63,0,895.17,USA,,314.851
2024-09-01,P33,Product_33,71,9.21,10,588.5190000000001,USA,,314.851
2024-09-01,P34,Product_34,124,20.29,0,2515.96,USA,,314.851
2024-09-01,P35,Product_35,113,49.09,10,4992.453,USA,,314.851
2024-09-01,P36,Product_36,141,44.03,10,5587.407,USA,,314.851
2024-09-01,P37,Product_37,191,22.69,5,4117.1005,USA,,314.851
2024-09-01,P38,Product_38,76,21.58,10,1476.072,USA,,314.851
2024-09-01,P39,Product_39,54,10.28,15,471.852,USA,,314.851
2024-09-01,P40,Product_40,125,37.69,0,4711.25,USA,,314.851
2024-09-01,P41,Product_41,77,41.22,15,2697.849,USA,,314.851
2024-09-01,P42,Product_42,55,20.16,0,1108.8,USA,,314.851
2024-09-01,P43,Product_43,103,22.14,15,1938.357,USA,,314.851
2024-09-01,P44,Product_44,159,46.25,15,6250.6875,USA,,314.851
2024-09-01,P45,Product_45,103,35.59,0,3665.7700000000004,USA,,314.851
2024-09-01,P46,Product_46,121,28.97,0,3505.37,USA,,314.851
2024-09-01,P47,Product_47,71,25.96,0,1843.16,USA,,314.851
2024-09-01,P48,Product_48,163,7.09,10,1040.103,USA,,314.851
2024-09-01,P49,Product_49,124,34.44,0,4270.5599999999995,USA,,314.851
2024-09-01,P50,Product_50,80,23.0,5,1748.0,USA,,314.851
2024-09-08,P1,Product_1,66,44.49,0,2936.34,USA,,
2024-09-08,P2,Product_2,195,49.85,5,9234.7125,USA,,
2024-09-08,P3,Product_3,163,26.65,15,3692.3574999999996,USA,,
2024-09-08,P4,Product_4,113,20.24,15,1944.052,USA,,
2024-09-08,P5,Product_5,104,36.93,0,3840.72,USA,,
2024-09-08,P6,Product_6,82,45.09,5,3512.511,USA,,
2024-09-08,P7,Product_7,130,21.05,15,2326.025,USA,,
2024-09-08,P8,Product_8,138,13.33,0,1839.54,USA,,
2024-09-08,P9,Product_9,196,9.82,5,1828.484,USA,,
2024-09-08,P10,Product_10,134,38.92,0,5215.280000000001,USA,,
2024-09-08,P11,Product_11,124,21.39,0,2652.36,USA,,
2024-09-08,P12,Product_12,53,5.31,0,281.43,USA,,
2024-09-08,P13,Product_13,107,20.39,5,2072.6435,USA,,
2024-09-08,P14,Product_14,188,49.03,10,8295.876,USA,,
2024-09-08,P15,Product_15,184,26.55,5,4640.94,USA,,
2024-09-08,P16,Product_16,58,22.0,10,1148.4,USA,,
2024-09-08,P17,Product_17,151,13.07,15,1677.5345,USA,,
2024-09-08,P18,Product_18,72,22.41,0,1613.52,USA,,
2024-09-08,P19,Product_19,174,17.59,15,2601.5609999999997,USA,,
2024-09-08,P20,Product_20,179,28.46,10,4584.906,USA,,
2024-09-08,P21,Product_21,178,23.03,15,3484.439,USA,,
2024-09-08,P22,Product_22,54,10.35,10,503.01,USA,,
2024-09-08,P23,Product_23,64,29.23,0,1870.72,USA,,
2024-09-08,P24,Product_24,199,39.66,5,7497.722999999999,USA,,
2024-09-08,P25,Product_25,116,25.86,0,2999.7599999999998,USA,,
2024-09-08,P26,Product_26,82,10.48,10,773.424,USA,,
2024-09-08,P27,Product_27,160,48.22,5,7329.44,USA,,
2024-09-08,P28,Product_28,189,42.46,10,7222.446000000001,USA,,
2024-09-08,P29,Product_29,186,49.36,10,8262.864,USA,,
2024-09-08,P30,Product_30,122,44.87,15,4653.018999999999,USA,,
2024-09-08,P31,Product_31,189,21.25,10,3614.625,USA,,
2024-09-08,P32,Product_32,171,27.27,5,4430.0115,USA,,
2024-09-08,P33,Product_33,114,21.78,0,2482.92,USA,,
2024-09-08,P34,Product_34,177,11.04,15,1660.9679999999998,USA,,
2024-09-08,P35,Product_35,65,19.08,5,1178.1899999999998,USA,,
2024-09-08,P36,Product_36,192,16.85,0,3235.2000000000003,USA,,
2024-09-08,P37,Product_37,81,23.24,5,1788.3179999999998,USA,,
2024-09-08,P38,Product_38,97,10.75,10,938.475,USA,,
2024-09-08,P39,Product_39,176,35.66,10,5648.544,USA,,
2024-09-08,P40,Product_40,61,9.16,0,558.76,USA,,
2024-09-08,P41,Product_41,103,17.44,0,1796.3200000000002,USA,,
2024-09-08,P42,Product_42,76,11.53,5,832.4659999999999,USA,,
2024-09-08,P43,Product_43,198,43.72,10,7790.9039999999995,USA,,
2024-09-08,P44,Product_44,178,33.52,5,5668.232,USA,,
2024-09-08,P45,Product_45,194,30.33,5,5589.8189999999995,USA,,
2024-09-08,P46,Product_46,195,27.89,0,5438.55,USA,,
2024-09-08,P47,Product_47,179,43.72,0,7825.88,USA,,
2024-09-08,P48,Product_48,174,6.24,0,1085.76,USA,,
2024-09-08,P49,Product_49,129,10.0,10,1161.0,USA,,
2024-09-08,P50,Product_50,141,26.25,15,3146.0625,USA,,
2024-09-15,P1,Product_1,106,35.22,15,3173.3219999999997,USA,,
2024-09-15,P2,Product_2,63,20.81,15,1114.3754999999999,USA,,
2024-09-15,P3,Product_3,197,12.27,10,2175.471,USA,,
2024-09-15,P4,Product_4,171,39.29,5,6382.6605,USA,,
2024-09-15,P5,Product_5,104,41.32,15,3652.6879999999996,USA,,
2024-09-15,P6,Product_6,106,7.91,15,712.691,USA,,
2024-09-15,P7,Product_7,118,31.67,15,3176.501,USA,,
2024-09-15,P8,Product_8,118,7.66,15,768.298,USA,,
2024-09-15,P9,Product_9,146,35.8,0,5226.799999999999,USA,,
2024-09-15,P10,Product_10,73,33.4,15,2072.47,USA,,
2024-09-15,P11,Product_11,186,40.87,10,6841.638,USA,,
2024-09-15,P12,Product_12,153,12.33,5,1792.1654999999998,USA,,
2024-09-15,P13,Product_13,155,36.77,0,5699.35,USA,,
2024-09-15,P14,Product_14,79,17.5,15,1175.125,USA,,
2024-09-15,P15,Product_15,131,38.6,15,4298.110000000001,USA,,
2024-09-15,P16,Product_16,120,26.84,0,3220.8,USA,,
2024-09-15,P17,Product_17,164,45.8,5,7135.639999999999,USA,,
2024-09-15,P18,Product_18,175,30.25,15,4499.6875,USA,,
2024-09-15,P19,Product_19,177,20.08,10,3198.744,USA,,
2024-09-15,P20,Product_20,128,24.23,0,3101.44,USA,,
2024-09-15,P21,Product_21,61,8.19,5,474.61049999999994,USA,,
2024-09-15,P22,Product_22,102,9.79,10,898.722,USA,,
2024-09-15,P23,Product_23,112,18.43,10,1857.744,USA,,
2024-09-15,P24,Product_24,72,13.8,15,844.56,USA,,
2024-09-15,P25,Product_25,169,42.39,0,7163.91,USA,,
2024-09-15,P26,Product_26,87,5.35,15,395.6325,USA,,
2024-09-15,P27,Product_27,122,33.24,0,4055.28,USA,,
2024-09-15,P28,Product_28,51,6.06,15,262.701,USA,,
2024-09-15,P29,Product_29,134,29.74,5,3785.9019999999996,USA,,
2024-09-15,P30,Product_30,185,10.07,15,1583.5075,USA,,
2024-09-15,P31,Product_31,101,18.43,15,1582.2155,USA,,
2024-09-15,P32,Product_32,125,49.21,10,5536.125,USA,,
2024-09-15,P33,Product_33,107,6.68,15,607.5459999999999,USA,,
2024-09-15,P34,Product_34,151,24.03,10,3265.677,USA,,
2024-09-15,P35,Product_35,155,35.61,15,4691.6175,USA,,
2024-09-15,P36,Product_36,187,37.87,0,7081.69,USA,,
2024-09-15,P37,Product_37,59,7.84,15,393.176,USA,,
2024-09-15,P38,Product_38,55,12.21,0,671.5500000000001,USA,,
2024-09-15,P39,Product_39,150,11.37,10,1534.9499999999998,USA,,
2024-09-15,P40,Product_40,166,23.45,15,3308.7949999999996,USA,,
2024-09-15,P41,Product_41,141,46.1,0,6500.1,USA,,
2024-09-15,P42,Product_42,70,48.17,0,3371.9,USA,,
2024-09-15,P43,Product_43,180,32.08,15,4908.24,USA,,
2024-09-15,P44,Product_44,71,27.53,10,1759.1670000000001,USA,,
2024-09-15,P45,Product_45,54,21.18,0,1143.72,USA,,
2024-09-15,P46,Product_46,99,32.67,0,3234.3300000000004,USA,,
2024-09-15,P47,Product_47,83,27.62,0,2292.46,USA,,
2024-09-15,P48,Product_48,95,30.76,0,2922.2000000000003,USA,,
2024-09-15,P49,Product_49,74,42.76,5,3006.028,USA,,
2024-09-15,P50,Product_50,193,37.49,5,6873.7915,USA,,
2024-09-22,P1,Product_1,92,7.76,0,713.92,USA,,
2024-09-22,P2,Product_2,171,20.12,10,3096.468,USA,,
2024-09-22,P3,Product_3,178,41.87,5,7080.217,USA,,
2024-09-22,P4,Product_4,51,20.22,15,876.537,USA,,
2024-09-22,P5,Product_5,89,34.14,5,2886.537,USA,,
2024-09-22,P6,Product_6,94,47.55,0,4469.7,USA,,
2024-09-22,P7,Product_7,169,34.74,0,5871.06,USA,,
2024-09-22,P8,Product_8,180,32.17,5,5501.07,USA,,
2024-09-22,P9,Product_9,126,7.5,10,850.5,USA,,
2024-09-22,P10,Product_10,135,45.71,10,5553.765,USA,,
2024-09-22,P11,Product_11,121,29.55,5,3396.7725,USA,,
2024-09-22,P12,Product_12,164,7.09,15,988.346,USA,,
2024-09-22,P13,Product_13,113,37.56,15,3607.6380000000004,USA,,
2024-09-22,P14,Product_14,84,28.32,15,2022.048,USA,,
2024-09-22,P15,Product_15,55,34.22,0,1882.1,USA,,
2024-09-22,P16,Product_16,190,15.66,15,2529.09,USA,,
2024-09-22,P17,Product_17,148,28.89,10,3848.148,USA,,
2024-09-22,P18,Product_18,171,8.66,5,1406.817,USA,,
2024-09-22,P19,Product_19,180,20.47,15,3131.91,USA,,
2024-09-22,P20,Product_20,65,20.94,5,1293.045,USA,,
2024-09-22,P21,Product_21,121,16.01,0,1937.2100000000003,USA,,
2024-09-22,P22,Product_22,199,49.89,10,8935.299,USA,,
2024-09-22,P23,Product_23,59,45.47,15,2280.3205,USA,,
2024-09-22,P24,Product_24,95,48.55,5,4381.6375,USA,,
2024-09-22,P25,Product_25,127,8.08,10,923.5440000000001,USA,,
2024-09-22,P26,Product_26,147,17.85,0,2623.9500000000003,USA,,
2024-09-22,P27,Product_27,190,5.76,5,1039.6799999999998,USA,,
2024-09-22,P28,Product_28,138,46.56,5,6104.0160000000005,USA,,
2024-09-22,P29,Product_29,136,16.73,5,2161.516,USA,,
2024-09-22,P30,Product_30,52,41.17,10,1926.756,USA,,
2024-09-22,P31,Product_31,183,15.19,5,2640.7815,USA,,
2024-09-22,P32,Product_32,150,45.15,5,6433.875,USA,,
2024-09-22,P33,Product_33,143,6.12,10,787.644,USA,,
2024-09-22,P34,Product_34,192,19.67,5,3587.808,USA,,
2024-09-22,P35,Product_35,152,8.56,5,1236.064,USA,,
2024-09-22,P36,Product_36,122,39.36,15,4081.632,USA,,
2024-09-22,P37,Product_37,102,18.1,15,1569.27,USA,,
2024-09-22,P38,Product_38,73,11.24,15,697.442,USA,,
2024-09-22,P39,Product_39,120,24.27,5,2766.7799999999997,USA,,
2024-09-22,P40,Product_40,112,31.79,15,3026.408,USA,,
2024-09-22,P41,Product_41,62,11.15,10,622.1700000000001,USA,,
2024-09-22,P42,Product_42,100,41.48,10,3733.2000000000003,USA,,
2024-09-22,P43,Product_43,104,47.67,10,4461.912,USA,,
2024-09-22,P44,Product_44,186,41.31,10,6915.294000000001,USA,,
2024-09-22,P45,Product_45,199,45.74,15,7736.921,USA,,
2024-09-22,P46,Product_46,55,20.73,10,1026.1350000000002,USA,,
2024-09-22,P47,Product_47,186,46.52,15,7354.812000000001,USA,,
2024-09-22,P48,Product_48,171,18.14,5,2946.843,USA,,
2024-09-22,P49,Product_49,157,30.34,15,4048.873,USA,,
2024-09-22,P50,Product_50,109,11.94,15,1106.241,USA,,
2024-09-29,P1,Product_1,93,29.1,0,2706.3,USA,,
2024-09-29,P2,Product_2,100,49.84,5,4734.8,USA,,
2024-09-29,P3,Product_3,117,47.33,15,4706.9685,USA,,
2024-09-29,P4,Product_4,140,6.24,10,786.24,USA,,
2024-09-29,P5,Product_5,57,37.36,0,2129.52,USA,,
2024-09-29,P6,Product_6,53,47.35,0,2509.55,USA,,
2024-09-29,P7,Product_7,139,45.24,15,5345.106000000001,USA,,
2024-09-29,P8,Product_8,70,17.57,5,1168.405,USA,,
2024-09-29,P9,Product_9,121,49.32,5,5669.334,USA,,
2024-09-29,P10,Product_10,82,30.38,0,2491.16,USA,,
2024-09-29,P11,Product_11,148,6.17,5,867.502,USA,,
2024-09-29,P12,Product_12,164,42.72,5,6655.776,USA,,
2024-09-29,P13,Product_13,74,45.09,0,3336.6600000000003,USA,,
2024-09-29,P14,Product_14,136,45.98,5,5940.615999999999,USA,,
2024-09-29,P15,Product_15,199,21.2,15,3585.98,USA,,
2024-09-29,P16,Product_16,148,5.29,10,704.6279999999999,USA,,
2024-09-29,P17,Product_17,192,43.69,5,7969.056,USA,,
2024-09-29,P18,Product_18,168,37.31,0,6268.08,USA,,
2024-09-29,P19,Product_19,134,18.47,0,2474.98,USA,,
2024-09-29,P20,Product_20,180,46.27,10,7495.740000000001,USA,,
2024-09-29,P21,Product_21,82,49.41,5,3849.0389999999998,USA,,
2024-09-29,P22,Product_22,94,19.01,10,1608.246,USA,,
2024-09-29,P23,Product_23,135,21.15,15,2426.9625,USA,,
2024-09-29,P24,Product_24,196,27.32,0,5354.72,USA,,
2024-09-29,P25,Product_25,112,42.84,10,4318.272,USA,,
2024-09-29,P26,Product_26,160,25.39,10,3656.1600000000003,USA,,
2024-09-29,P27,Product_27,173,24.08,0,4165.84,USA,,
2024-09-29,P28,Product_28,188,19.86,10,3360.312,USA,,
2024-09-29,P29,Product_29,125,25.14,15,2671.125,USA,,
2024-09-29,P30,Product_30,174,16.86,10,2640.276,USA,,
2024-09-29,P31,Product_31,94,48.73,5,4351.589,USA,,
2024-09-29,P32,Product_32,105,45.32,15,4044.8100000000004,USA,,
2024-09-29,P33,Product_33,176,6.38,0,1122.8799999999999,USA,,
2024-09-29,P34,Product_34,130,35.49,0,4613.7,USA,,
2024-09-29,P35,Product_35,163,9.77,0,1592.51,USA,,
2024-09-29,P36,Product_36,150,23.18,15,2955.45,USA,,
2024-09-29,P37,Product_37,128,23.94,15,2604.672,USA,,
2024-09-29,P38,Product_38,132,28.53,0,3765.96,USA,,
2024-09-29,P39,Product_39,171,9.22,5,1497.789,USA,,
2024-09-29,P40,Product_40,108,28.92,15,2654.856,USA,,
2024-09-29,P41,Product_41,77,42.66,5,3120.5789999999997,USA,,
2024-09-29,P42,Product_42,108,17.87,15,1640.466,USA,,
2024-09-29,P43,Product_43,96,18.81,10,1625.1839999999997,USA,,
2024-09-29,P44,Product_44,171,14.86,0,2541.06,USA,,
2024-09-29,P45,Product_45,108,29.2,5,2995.9199999999996,USA,,
2024-09-29,P46,Product_46,167,24.78,5,3931.347,USA,,
2024-09-29,P47,Product_47,58,46.58,0,2701.64,USA,,
2024-09-29,P48,Product_48,124,5.9,10,658.44,USA,,
2024-09-29,P49,Product_49,176,20.12,10,3187.0080000000003,USA,,
2024-09-29,P50,Product_50,73,27.91,15,1731.8155,USA,,
2024-10-06,P1,Product_1,150,43.19,10,5830.650000000001,USA,,
2024-10-06,P2,Product_2,127,31.35,0,3981.4500000000003,USA,,
2024-10-06,P3,Product_3,134,49.31,5,6277.163,USA,,
2024-10-06,P4,Product_4,154,30.25,0,4658.5,USA,,
2024-10-06,P5,Product_5,71,41.12,15,2481.592,USA,,
2024-10-06,P6,Product_6,182,45.87,0,8348.34,USA,,
2024-10-06,P7,Product_7,94,10.17,0,955.98,USA,,
2024-10-06,P8,Product_8,148,29.54,10,3934.728,USA,,
2024-10-06,P9,Product_9,77,37.87,0,2915.99,USA,,
2024-10-06,P10,Product_10,97,17.65,15,1455.2424999999998,USA,,
2024-10-06,P11,Product_11,185,24.77,10,4124.205,USA,,
2024-10-06,P12,Product_12,197,10.41,10,1845.693,USA,,
2024-10-06,P13,Product_13,169,10.26,5,1647.243,USA,,
2024-10-06,P14,Product_14,191,9.2,10,1581.4799999999998,USA,,
2024-10-06,P15,Product_15,125,10.2,5,1211.25,USA,,
2024-10-06,P16,Product_16,97,20.96,5,1931.464,USA,,
2024-10-06,P17,Product_17,102,40.13,5,3888.597,USA,,
2024-10-06,P18,Product_18,160,6.43,15,874.4799999999999,USA,,
2024-10-06,P19,Product_19,194,18.98,15,3129.8019999999997,USA,,
2024-10-06,P20,Product_20,184,5.91,0,1087.44,USA,,
2024-10-06,P21,Product_21,91,32.03,0,2914.73,USA,,
2024-10-06,P22,Product_22,154,24.84,5,3634.092,USA,,
2024-10-06,P23,Product_23,192,46.16,15,7533.311999999999,USA,,
2024-10-06,P24,Product_24,154,24.48,5,3581.424,USA,,
2024-10-06,P25,Product_25,170,15.15,15,2189.1749999999997,USA,,
2024-10-06,P26,Product_26,159,37.27,5,5629.6335,USA,,
2024-10-06,P27,Product_27,164,36.29,15,5058.825999999999,USA,,
2024-10-06,P28,Product_28,77,33.89,5,2479.0535,USA,,
2024-10-06,P29,Product_29,139,29.1,5,3842.6549999999997,USA,,
2024-10-06,P30,Product_30,118,8.39,5,940.519,USA,,
2024-10-06,P31,Product_31,152,27.59,0,4193.68,USA,,
2024-10-06,P32,Product_32,61,46.75,0,2851.75,USA,,
2024-10-06,P33,Product_33,183,37.87,5,6583.699499999999,USA,,
2024-10-06,P34,Product_34,150,10.17,10,1372.95,USA,,
2024-10-06,P35,Product_35,83,16.09,0,1335.47,USA,,
2024-10-06,P36,Product_36,127,17.64,0,2240.28,USA,,
2024-10-06,P37,Product_37,132,36.87,0,4866.839999999999,USA,,
2024-10-06,P38,Product_38,112,48.8,15,4645.759999999999,USA,,
2024-10-06,P39,Product_39,73,8.31,15,515.6355,USA,,
2024-10-06,P40,Product_40,145,11.38,15,1402.585,USA,,
2024-10-06,P41,Product_41,117,14.58,0,1705.86,USA,,
2024-10-06,P42,Product_42,122,19.99,0,2438.7799999999997,USA,,
2024-10-06,P43,Product_43,190,40.08,10,6853.68,USA,,
2024-10-06,P44,Product_44,158,27.98,15,3757.714,USA,,
2024-10-06,P45,Product_45,144,19.2,0,2764.7999999999997,USA,,
2024-10-06,P46,Product_46,117,19.18,10,2019.654,USA,,
2024-10-06,P47,Product_47,80,42.35,5,3218.6,USA,,
2024-10-06,P48,Product_48,194,18.07,5,3330.301,USA,,
2024-10-06,P49,Product_49,178,44.74,0,7963.72,USA,,
2024-10-06,P50,Product_50,175,32.83,5,5457.9875,USA,,
2024-10-13,P1,Product_1,59,23.37,15,1172.0055000000002,USA,,
2024-10-13,P2,Product_2,89,40.51,15,3064.5815,USA,,
2024-10-13,P3,Product_3,87,14.05,10,1100.1150000000002,USA,,
2024-10-13,P4,Product_4,91,41.8,15,3233.2299999999996,USA,,
2024-10-13,P5,Product_5,160,23.16,10,3335.04,USA,,
2024-10-13,P6,Product_6,115,13.05,5,1425.7124999999999,USA,,
2024-10-13,P7,Product_7,105,10.68,15,953.1899999999998,USA,,
2024-10-13,P8,Product_8,162,30.08,5,4629.312,USA,,
2024-10-13,P9,Product_9,167,27.07,5,4294.6555,USA,,
2024-10-13,P10,Product_10,155,37.22,10,5192.19,USA,,
2024-10-13,P11,Product_11,193,26.27,10,4563.099,USA,,
2024-10-13,P12,Product_12,86,30.38,0,2612.68,USA,,
2024-10-13,P13,Product_13,165,8.19,0,1351.35,USA,,
2024-10-13,P14,Product_14,109,44.5,0,4850.5,USA,,
2024-10-13,P15,Product_15,67,30.03,0,2012.01,USA,,
2024-10-13,P16,Product_16,179,49.12,10,7913.232,USA,,
2024-10-13,P17,Product_17,90,23.99,0,2159.1,USA,,
2024-10-13,P18,Product_18,138,20.51,5,2688.861,USA,,
2024-10-13,P19,Product_19,100,21.8,15,1853.0,USA,,
2024-10-13,P20,Product_20,197,49.58,15,8302.171,USA,,
2024-10-13,P21,Product_21,90,21.3,10,1725.3,USA,,
2024-10-13,P22,Product_22,181,16.66,15,2563.141,USA,,
2024-10-13,P23,Product_23,123,35.81,15,3743.9355,USA,,
2024-10-13,P24,Product_24,93,6.47,15,511.4534999999999,USA,,
2024-10-13,P25,Product_25,79,29.29,5,2198.2144999999996,USA,,
2024-10-13,P26,Product_26,85,22.28,15,1609.73,USA,,
2024-10-13,P27,Product_27,56,31.56,15,1502.2559999999999,USA,,
2024-10-13,P28,Product_28,171,46.6,0,7968.6,USA,,
2024-10-13,P29,Product_29,165,10.66,15,1495.065,USA,,
2024-10-13,P30,Product_30,91,21.67,5,1873.3715000000002,USA,,
2024-10-13,P31,Product_31,81,41.38,0,3351.78,USA,,
2024-10-13,P32,Product_32,140,11.05,15,1314.95,USA,,
2024-10-13,P33,Product_33,197,13.92,10,2468.016,USA,,
2024-10-13,P34,Product_34,153,21.34,10,2938.518,USA,,
2024-10-13,P35,Product_35,85,8.03,0,682.55,USA,,
2024-10-13,P36,Product_36,91,42.21,0,3841.11,USA,,
2024-10-13,P37,Product_37,133,25.34,0,3370.22,USA,,
2024-10-13,P38,Product_38,120,9.27,0,1112.3999999999999,USA,,
2024-10-13,P39,Product_39,154,30.65,0,4720.099999999999,USA,,
2024-10-13,P40,Product_40,174,15.63,5,2583.639,USA,,
2024-10-13,P41,Product_41,192,31.0,0,5952.0,USA,,
2024-10-13,P42,Product_42,122,21.69,0,2646.1800000000003,USA,,
2024-10-13,P43,Product_43,155,49.8,5,7333.049999999999,USA,,
2024-10-13,P44,Product_44,105,14.93,15,1332.5024999999998,USA,,
2024-10-13,P45,Product_45,109,11.77,5,1218.7835,USA,,
2024-10-13,P46,Product_46,165,37.27,0,6149.55,USA,,
2024-10-13,P47,Product_47,122,35.55,0,4337.099999999999,USA,,
2024-10-13,P48,Product_48,110,44.74,10,4429.26,USA,,
2024-10-13,P49,Product_49,111,34.78,5,3667.551,USA,,
2024-10-13,P50,Product_50,72,21.44,5,1466.496,USA,,
2024-10-20,P1,Product_1,73,48.16,10,3164.112,USA,,
2024-10-20,P2,Product_2,103,14.09,0,1451.27,USA,,
2024-10-20,P3,Product_3,188,40.65,10,6877.98,USA,,
2024-10-20,P4,Product_4,90,5.88,0,529.2,USA,,
2024-10-20,P5,Product_5,101,27.02,15,2319.667,USA,,
2024-10-20,P6,Product_6,76,30.66,0,2330.16,USA,,
2024-10-20,P7,Product_7,60,8.11,5,462.2699999999999,USA,,
2024-10-20,P8,Product_8,129,21.76,10,2526.3360000000002,USA,,
2024-10-20,P9,Product_9,71,26.67,10,1704.2130000000002,USA,,
2024-10-20,P10,Product_10,177,39.78,15,5984.901,USA,,
2024-10-20,P11,Product_11,88,29.92,0,2632.96,USA,,
2024-10-20,P12,Product_12,185,6.91,0,1278.3500000000001,USA,,
2024-10-20,P13,Product_13,67,38.73,0,2594.91,USA,,
2024-10-20,P14,Product_14,156,8.13,15,1078.0380000000002,USA,,
2024-10-20,P15,Product_15,152,49.63,0,7543.76,USA,,
2024-10-20,P16,Product_16,152,23.06,0,3505.12,USA,,
2024-10-20,P17,Product_17,141,15.37,5,2058.8115,USA,,
2024-10-20,P18,Product_18,137,34.3,15,3994.234999999999,USA,,
2024-10-20,P19,Product_19,143,29.22,0,4178.46,USA,,
2024-10-20,P20,Product_20,195,12.56,15,2081.82,USA,,
2024-10-20,P21,Product_21,75,15.57,5,1109.3625,USA,,
2024-10-20,P22,Product_22,159,23.11,5,3490.7654999999995,USA,,
2024-10-20,P23,Product_23,189,14.25,0,2693.25,USA,,
2024-10-20,P24,Product_24,139,19.19,10,2400.6690000000003,USA,,
2024-10-20,P25,Product_25,81,18.83,10,1372.7069999999999,USA,,
2024-10-20,P26,Product_26,135,11.88,0,1603.8000000000002,USA,,
2024-10-20,P27,Product_27,70,18.18,10,1145.34,USA,,
2024-10-20,P28,Product_28,104,7.56,10,707.616,USA,,
2024-10-20,P29,Product_29,79,9.45,0,746.55,USA,,
2024-10-20,P30,Product_30,110,43.12,10,4268.88,USA,,
2024-10-20,P31,Product_31,116,7.48,15,737.528,USA,,
2024-10-20,P32,Product_32,143,31.15,10,4009.005,USA,,
2024-10-20,P33,Product_33,110,27.28,10,2700.7200000000003,USA,,
2024-10-20,P34,Product_34,92,10.56,0,971.5200000000001,USA,,
2024-10-20,P35,Product_35,92,31.9,10,2641.3199999999997,USA,,
2024-10-20,P36,Product_36,167,17.54,0,2929.18,USA,,
2024-10-20,P37,Product_37,168,6.41,0,1076.88,USA,,
2024-10-20,P38,Product_38,133,47.47,10,5682.159000000001,USA,,
2024-10-20,P39,Product_39,199,48.71,0,9693.29,USA,,
2024-10-20,P40,Product_40,179,41.46,0,7421.34,USA,,
2024-10-20,P41,Product_41,83,48.96,5,3860.496,USA,,
2024-10-20,P42,Product_42,156,13.26,5,1965.1319999999998,USA,,
2024-10-20,P43,Product_43,71,49.12,5,3313.144,USA,,
2024-10-20,P44,Product_44,69,5.79,15,339.58349999999996,USA,,
2024-10-20,P45,Product_45,190,14.52,5,2620.8599999999997,USA,,
2024-10-20,P46,Product_46,57,6.67,5,361.1805,USA,,
2024-10-20,P47,Product_47,139,12.01,0,1669.3899999999999,USA,,
2024-10-20,P48,Product_48,141,5.69,15,681.9465,USA,,
2024-10-20,P49,Product_49,121,27.3,5,3138.135,USA,,
2024-10-20,P50,Product_50,175,13.38,0,2341.5,USA,,
2024-10-27,P1,Product_1,173,49.47,10,7702.478999999999,USA,,
2024-10-27,P2,Product_2,103,16.01,5,1566.5785,USA,,
2024-10-27,P3,Product_3,102,44.77,5,4338.213,USA,,
2024-10-27,P4,Product_4,78,35.56,5,2634.996,USA,,
2024-10-27,P5,Product_5,169,15.7,5,2520.6349999999998,USA,,
2024-10-27,P6,Product_6,72,34.89,15,2135.268,USA,,
2024-10-27,P7,Product_7,182,40.93,10,6704.334000000001,USA,,
2024-10-27,P8,Product_8,176,36.76,10,5822.784,USA,,
2024-10-27,P9,Product_9,168,12.26,5,1956.6959999999997,USA,,
2024-10-27,P10,Product_10,135,31.46,0,4247.1,USA,,
2024-10-27,P11,Product_11,134,47.61,10,5741.766,USA,,
2024-10-27,P12,Product_12,71,34.62,5,2335.1189999999997,USA,,
2024-10-27,P13,Product_13,108,30.38,10,2952.936,USA,,
2024-10-27,P14,Product_14,99,49.2,15,4140.18,USA,,
2024-10-27,P15,Product_15,131,10.8,10,1273.3200000000002,USA,,
2024-10-27,P16,Product_16,68,32.93,15,1903.3539999999998,USA,,
2024-10-27,P17,Product_17,156,14.44,0,2252.64,USA,,
2024-10-27,P18,Product_18,77,34.56,0,2661.1200000000003,USA,,
2024-10-27,P19,Product_19,185,7.6,10,1265.4,USA,,
2024-10-27,P20,Product_20,114,30.33,10,3111.858,USA,,
2024-10-27,P21,Product_21,95,17.92,0,1702.4,USA,,
2024-10-27,P22,Product_22,146,21.47,5,2977.8889999999997,USA,,
2024-10-27,P23,Product_23,170,48.64,10,7441.919999999999,USA,,
2024-10-27,P24,Product_24,121,6.84,15,703.4939999999999,USA,,
2024-10-27,P25,Product_25,114,41.04,5,4444.632,USA,,
2024-10-27,P26,Product_26,187,27.89,5,4954.6585000000005,USA,,
2024-10-27,P27,Product_27,79,8.06,0,636.74,USA,,
2024-10-27,P28,Product_28,112,41.83,5,4450.7119999999995,USA,,
2024-10-27,P29,Product_29,104,10.72,0,1114.88,USA,,
2024-10-27,P30,Product_30,87,45.26,0,3937.62,USA,,
2024-10-27,P31,Product_31,60,37.2,10,2008.8,USA,,
2024-10-27,P32,Product_32,118,30.15,15,3024.0449999999996,USA,,
2024-10-27,P33,Product_33,132,21.72,15,2436.984,USA,,
2024-10-27,P34,Product_34,177,34.72,10,5530.896,USA,,
2024-10-27,P35,Product_35,114,40.36,15,3910.884,USA,,
2024-10-27,P36,Product_36,84,20.12,5,1605.576,USA,,
2024-10-27,P37,Product_37,75,30.26,15,1929.075,USA,,
2024-10-27,P38,Product_38,71,13.96,0,991.1600000000001,USA,,
2024-10-27,P39,Product_39,66,15.65,15,877.965,USA,,
2024-10-27,P40,Product_40,82,8.3,0,680.6,USA,,
2024-10-27,P41,Product_41,154,23.45,15,3069.6049999999996,USA,,
2024-10-27,P42,Product_42,195,43.81,0,8542.95,USA,,
2024-10-27,P43,Product_43,198,27.74,10,4943.268,USA,,
2024-10-27,P44,Product_44,116,27.49,10,2869.9559999999997,USA,,
2024-10-27,P45,Product_45,72,43.81,0,3154.32,USA,,
2024-10-27,P46,Product_46,79,12.69,10,902.259,USA,,
2024-10-27,P47,Product_47,110,40.3,0,4433.0,USA,,
2024-10-27,P48,Product_48,91,15.99,10,1309.581,USA,,
2024-10-27,P49,Product_49,172,39.79,15,5817.298,USA,,
2024-10-27,P50,Product_50,145,37.34,15,4602.155,USA,,
2024-11-03,P1,Product_1,60,14.33,10,773.8199999999999,USA,,
2024-11-03,P2,Product_2,120,36.3,0,4356.0,USA,,
2024-11-03,P3,Product_3,91,40.72,5,3520.2439999999997,USA,,
2024-11-03,P4,Product_4,172,10.79,15,1577.4979999999998,USA,,
2024-11-03,P5,Product_5,87,27.95,0,2431.65,USA,,
2024-11-03,P6,Product_6,193,28.69,0,5537.17,USA,,
2024-11-03,P7,Product_7,181,22.75,5,3911.8624999999997,USA,,
2024-11-03,P8,Product_8,197,27.5,10,4875.75,USA,,
2024-11-03,P9,Product_9,60,8.71,10,470.34000000000003,USA,,
2024-11-03,P10,Product_10,185,46.23,10,7697.294999999999,USA,,
2024-11-03,P11,Product_11,160,26.32,5,4000.6399999999994,USA,,
2024-11-03,P12,Product_12,190,43.15,5,7788.575,USA,,
2024-11-03,P13,Product_13,170,10.69,15,1544.705,USA,,
2024-11-03,P14,Product_14,175,35.57,15,5291.037499999999,USA,,
2024-11-03,P15,Product_15,147,48.28,5,6742.302,USA,,
2024-11-03,P16,Product_16,50,15.21,5,722.475,USA,,
2024-11-03,P17,Product_17,124,31.58,15,3328.5319999999997,USA,,
2024-11-03,P18,Product_18,157,10.01,0,1571.57,USA,,
2024-11-03,P19,Product_19,53,18.58,5,935.5029999999998,USA,,
2024-11-03,P20,Product_20,162,8.78,15,1209.0059999999999,USA,,
2024-11-03,P21,Product_21,112,30.27,10,3051.216,USA,,
2024-11-03,P22,Product_22,96,38.44,5,3505.7279999999996,USA,,
2024-11-03,P23,Product_23,195,14.8,5,2741.7,USA,,
2024-11-03,P24,Product_24,62,36.92,0,2289.04,USA,,
2024-11-03,P25,Product_25,82,26.93,5,2097.8469999999998,USA,,
2024-11-03,P26,Product_26,151,13.02,5,1867.7189999999998,USA,,
2024-11-03,P27,Product_27,147,25.42,5,3549.9030000000002,USA,,
2024-11-03,P28,Product_28,151,27.43,5,3934.8335,USA,,
2024-11-03,P29,Product_29,124,25.72,15,2710.888,USA,,
2024-11-03,P30,Product_30,102,10.13,0,1033.26,USA,,
2024-11-03,P31,Product_31,198,11.88,10,2117.016,USA,,
2024-11-03,P32,Product_32,190,25.48,15,4115.0199999999995,USA,,
2024-11-03,P33,Product_33,182,30.9,15,4780.2300000000005,USA,,
2024-11-03,P34,Product_34,103,27.07,5,2648.7995,USA,,
2024-11-03,P35,Product_35,84,13.08,5,1043.7839999999999,USA,,
2024-11-03,P36,Product_36,148,31.26,15,3932.5080000000003,USA,,
2024-11-03,P37,Product_37,89,22.28,5,1883.774,USA,,
2024-11-03,P38,Product_38,148,23.52,10,3132.864,USA,,
2024-11-03,P39,Product_39,181,23.79,15,3660.0914999999995,USA,,
2024-11-03,P40,Product_40,189,41.92,5,7526.736,USA,,
2024-11-03,P41,Product_41,51,9.68,10,444.312,USA,,
2024-11-03,P42,Product_42,72,33.73,0,2428.56,USA,,
2024-11-03,P43,Product_43,160,40.55,15,5514.8,USA,,
2024-11-03,P44,Product_44,192,35.39,10,6115.392,USA,,
2024-11-03,P45,Product_45,57,34.27,15,1660.3815,USA,,
2024-11-03,P46,Product_46,69,20.95,5,1373.2724999999998,USA,,
2024-11-03,P47,Product_47,88,24.05,5,2010.58,USA,,
2024-11-03,P48,Product_48,179,31.04,5,5278.352,USA,,
2024-11-03,P49,Product_49,195,17.76,5,3290.04,USA,,
2024-11-03,P50,Product_50,143,12.46,10,1603.6020000000003,USA,,
2024-11-10,P1,Product_1,145,12.51,10,1632.555,USA,,
2024-11-10,P2,Product_2,89,7.61,0,677.2900000000001,USA,,
2024-11-10,P3,Product_3,181,36.19,0,6550.389999999999,USA,,
2024-11-10,P4,Product_4,64,42.34,15,2303.2960000000003,USA,,
2024-11-10,P5,Product_5,101,16.33,10,1484.397,USA,,
2024-11-10,P6,Product_6,77,19.3,0,1486.1000000000001,USA,,
2024-11-10,P7,Product_7,103,10.39,0,1070.17,USA,,
2024-11-10,P8,Product_8,187,42.58,5,7564.3369999999995,USA,,
2024-11-10,P9,Product_9,75,25.47,15,1623.7124999999999,USA,,
2024-11-10,P10,Product_10,97,49.34,5,4546.6810000000005,USA,,
2024-11-10,P11,Product_11,93,42.67,0,3968.31,USA,,
2024-11-10,P12,Product_12,173,36.44,15,5358.5019999999995,USA,,
2024-11-10,P13,Product_13,184,15.28,15,2389.792,USA,,
2024-11-10,P14,Product_14,181,15.9,5,2734.005,USA,,
2024-11-10,P15,Product_15,183,12.3,0,2250.9,USA,,
2024-11-10,P16,Product_16,148,40.85,15,5138.93,USA,,
2024-11-10,P17,Product_17,102,22.64,10,2078.3520000000003,USA,,
2024-11-10,P18,Product_18,182,39.78,10,6515.964,USA,,
2024-11-10,P19,Product_19,133,33.39,10,3996.783,USA,,
2024-11-10,P20,Product_20,171,48.87,0,8356.77,USA,,
2024-11-10,P21,Product_21,149,36.07,5,5105.7085,USA,,
2024-11-10,P22,Product_22,103,40.51,0,4172.53,USA,,
2024-11-10,P23,Product_23,178,34.86,5,5894.826,USA,,
2024-11-10,P24,Product_24,78,8.34,15,552.942,USA,,
2024-11-10,P25,Product_25,108,12.4,10,1205.28,USA,,
2024-11-10,P26,Product_26,50,32.76,10,1474.2,USA,,
2024-11-10,P27,Product_27,117,17.01,5,1890.6615,USA,,
2024-11-10,P28,Product_28,123,10.71,15,1119.7305000000001,USA,,
2024-11-10,P29,Product_29,127,7.69,5,927.7985,USA,,
2024-11-10,P30,Product_30,130,24.61,10,2879.37,USA,,
2024-11-10,P31,Product_31,175,10.78,5,1792.175,USA,,
2024-11-10,P32,Product_32,174,35.6,15,5265.240000000001,USA,,
2024-11-10,P33,Product_33,74,5.69,15,357.901,USA,,
2024-11-10,P34,Product_34,128,14.66,0,1876.48,USA,,
2024-11-10,P35,Product_35,172,21.05,5,3439.5699999999997,USA,,
2024-11-10,P36,Product_36,108,31.05,15,2850.39,USA,,
2024-11-10,P37,Product_37,70,17.92,10,1128.96,USA,,
2024-11-10,P38,Product_38,51,34.0,0,1734.0,USA,,
2024-11-10,P39,Product_39,183,8.7,5,1512.495,USA,,
2024-11-10,P40,Product_40,185,8.79,10,1463.5349999999999,USA,,
2024-11-10,P41,Product_41,197,37.08,5,6939.521999999999,USA,,
2024-11-10,P42,Product_42,147,33.7,5,4706.205,USA,,
2024-11-10,P43,Product_43,145,9.58,15,1180.735,USA,,
2024-11-10,P44,Product_44,128,38.78,5,4715.648,USA,,
2024-11-10,P45,Product_45,132,30.69,5,3848.5260000000003,USA,,
2024-11-10,P46,Product_46,83,41.52,0,3446.1600000000003,USA,,
2024-11-10,P47,Product_47,60,48.66,0,2919.6,USA,,
2024-11-10,P48,Product_48,63,20.11,15,1076.8905,USA,,
2024-11-10,P49,Product_49,88,30.58,5,2556.488,USA,,
2024-11-10,P50,Product_50,169,30.72,15,4412.927999999999,USA,,
2024-11-17,P1,Product_1,112,20.47,5,2178.008,USA,,
2024-11-17,P2,Product_2,125,7.85,5,932.1875,USA,,
2024-11-17,P3,Product_3,63,15.58,10,883.386,USA,,
2024-11-17,P4,Product_4,95,35.97,15,2904.5775,USA,,
2024-11-17,P5,Product_5,173,41.8,10,6508.26,USA,,
2024-11-17,P6,Product_6,192,14.37,15,2345.1839999999997,USA,,
2024-11-17,P7,Product_7,158,36.27,5,5444.127,USA,,
2024-11-17,P8,Product_8,65,30.19,10,1766.1150000000002,USA,,
2024-11-17,P9,Product_9,119,25.04,5,2830.7719999999995,USA,,
2024-11-17,P10,Product_10,138,19.54,0,2696.52,USA,,
2024-11-17,P11,Product_11,194,10.05,15,1657.245,USA,,
2024-11-17,P12,Product_12,79,21.22,10,1508.742,USA,,
2024-11-17,P13,Product_13,78,13.44,15,891.0719999999999,USA,,
2024-11-17,P14,Product_14,95,11.33,15,914.8974999999999,USA,,
2024-11-17,P15,Product_15,90,42.44,15,3246.66,USA,,
2024-11-17,P16,Product_16,54,33.6,15,1542.24,USA,,
2024-11-17,P17,Product_17,189,33.28,15,5346.432,USA,,
2024-11-17,P18,Product_18,95,11.83,10,1011.4649999999999,USA,,
2024-11-17,P19,Product_19,184,5.47,15,855.5079999999999,USA,,
2024-11-17,P20,Product_20,151,34.12,15,4379.302,USA,,
2024-11-17,P21,Product_21,164,38.33,10,5657.508,USA,,
2024-11-17,P22,Product_22,114,18.98,15,1839.1620000000003,USA,,
2024-11-17,P23,Product_23,151,48.59,0,7337.09,USA,,
2024-11-17,P24,Product_24,98,35.18,10,3102.8759999999997,USA,,
2024-11-17,P25,Product_25,90,47.45,15,3629.9249999999997,USA,,
2024-11-17,P26,Product_26,98,43.71,5,4069.401,USA,,
2024-11-17,P27,Product_27,79,28.27,5,2121.6634999999997,USA,,
2024-11-17,P28,Product_28,149,45.0,0,6705.0,USA,,
2024-11-17,P29,Product_29,76,45.61,10,3119.724,USA,,
2024-11-17,P30,Product_30,192,27.85,10,4812.4800000000005,USA,,
2024-11-17,P31,Product_31,173,17.42,10,2712.2940000000003,USA,,
2024-11-17,P32,Product_32,187,7.6,15,1208.02,USA,,
2024-11-17,P33,Product_33,146,12.47,15,1547.527,USA,,
2024-11-17,P34,Product_34,57,40.51,5,2193.6164999999996,USA,,
2024-11-17,P35,Product_35,152,34.81,10,4762.008000000001,USA,,
2024-11-17,P36,Product_36,150,16.91,15,2156.025,USA,,
2024-11-17,P37,Product_37,146,42.29,15,5248.189,USA,,
2024-11-17,P38,Product_38,164,21.96,10,3241.2960000000003,USA,,
2024-11-17,P39,Product_39,107,47.13,0,5042.91,USA,,
2024-11-17,P40,Product_40,183,47.08,0,8615.64,USA,,
2024-11-17,P41,Product_41,170,27.52,0,4678.4,USA,,
2024-11-17,P42,Product_42,163,37.85,10,5552.595,USA,,
2024-11-17,P43,Product_43,120,12.13,0,1455.6000000000001,USA,,
2024-11-17,P44,Product_44,189,19.36,10,3293.136,USA,,
2024-11-17,P45,Product_45,167,19.11,15,2712.6645,USA,,
2024-11-17,P46,Product_46,172,25.78,5,4212.451999999999,USA,,
2024-11-17,P47,Product_47,121,39.41,0,4768.61,USA,,
2024-11-17,P48,Product_48,152,49.73,10,6803.063999999999,USA,,
2024-11-17,P49,Product_49,122,18.47,10,2028.0059999999999,USA,,
2024-11-17,P50,Product_50,101,29.87,15,2564.3395,USA,,
2024-11-24,P1,Product_1,191,9.87,0,1885.1699999999998,USA,,
2024-11-24,P2,Product_2,112,14.73,5,1567.272,USA,,
2024-11-24,P3,Product_3,146,27.96,10,3673.9440000000004,USA,,
2024-11-24,P4,Product_4,134,24.94,0,3341.96,USA,,
2024-11-24,P5,Product_5,78,20.77,5,1539.0569999999998,USA,,
2024-11-24,P6,Product_6,144,5.89,10,763.3439999999999,USA,,
2024-11-24,P7,Product_7,53,30.36,10,1448.172,USA,,
2024-11-24,P8,Product_8,165,38.87,10,5772.195,USA,,
2024-11-24,P9,Product_9,145,48.09,5,6624.3975,USA,,
2024-11-24,P10,Product_10,140,38.95,15,4635.05,USA,,
2024-11-24,P11,Product_11,109,38.51,15,3567.9515,USA,,
2024-11-24,P12,Product_12,72,46.03,10,2982.744,USA,,
2024-11-24,P13,Product_13,96,30.06,5,2741.4719999999998,USA,,
2024-11-24,P14,Product_14,93,40.45,10,3385.6650000000004,USA,,
2024-11-24,P15,Product_15,193,38.96,0,7519.28,USA,,
2024-11-24,P16,Product_16,90,33.42,10,2707.0200000000004,USA,,
2024-11-24,P17,Product_17,193,39.68,15,6509.504,USA,,
2024-11-24,P18,Product_18,163,6.85,0,1116.55,USA,,
2024-11-24,P19,Product_19,176,18.09,5,3024.648,USA,,
2024-11-24,P20,Product_20,160,29.86,5,4538.72,USA,,
2024-11-24,P21,Product_21,167,44.66,0,7458.219999999999,USA,,
2024-11-24,P22,Product_22,129,29.08,5,3563.7539999999995,USA,,
2024-11-24,P23,Product_23,117,40.34,5,4483.791,USA,,
2024-11-24,P24,Product_24,128,17.4,5,2115.8399999999997,USA,,
2024-11-24,P25,Product_25,103,32.95,10,3054.4650000000006,USA,,
2024-11-24,P26,Product_26,96,16.09,5,1467.408,USA,,
2024-11-24,P27,Product_27,69,34.28,5,2247.054,USA,,
2024-11-24,P28,Product_28,167,37.99,0,6344.33,USA,,
2024-11-24,P29,Product_29,116,36.08,0,4185.28,USA,,
2024-11-24,P30,Product_30,145,8.09,5,1114.3974999999998,USA,,
2024-11-24,P31,Product_31,134,28.76,0,3853.84,USA,,
2024-11-24,P32,Product_32,130,38.45,0,4998.5,USA,,
2024-11-24,P33,Product_33,128,20.0,5,2432.0,USA,,
2024-11-24,P34,Product_34,190,11.52,5,2079.3599999999997,USA,,
2024-11-24,P35,Product_35,116,39.97,5,4404.6939999999995,USA,,
2024-11-24,P36,Product_36,80,42.01,15,2856.68,USA,,
2024-11-24,P37,Product_37,51,14.42,5,698.6489999999999,USA,,
2024-11-24,P38,Product_38,193,29.42,10,5110.254000000001,USA,,
2024-11-24,P39,Product_39,181,38.79,5,6669.9405,USA,,
2024-11-24,P40,Product_40,124,33.52,5,3948.6560000000004,USA,,
2024-11-24,P41,Product_41,59,10.46,0,617.1400000000001,USA,,
2024-11-24,P42,Product_42,91,34.76,10,2846.844,USA,,
2024-11-24,P43,Product_43,147,14.58,15,1821.7710000000002,USA,,
2024-11-24,P44,Product_44,179,28.55,15,4343.8825,USA,,
2024-11-24,P45,Product_45,163,37.33,10,5476.311,USA,,
2024-11-24,P46,Product_46,97,23.81,0,2309.5699999999997,USA,,
2024-11-24,P47,Product_47,66,40.73,10,2419.362,USA,,
2024-11-24,P48,Product_48,189,28.02,5,5030.990999999999,USA,,
2024-11-24,P49,Product_49,138,48.67,15,5708.991,USA,,
2024-11-24,P50,Product_50,125,20.51,10,2307.375,USA,,
2024-12-01,P1,Product_1,183,19.73,0,3610.59,USA,,317.603
2024-12-01,P2,Product_2,103,14.89,10,1380.303,USA,,317.603
2024-12-01,P3,Product_3,50,23.07,0,1153.5,USA,,317.603
2024-12-01,P4,Product_4,161,47.7,10,6911.7300000000005,USA,,317.603
2024-12-01,P5,Product_5,143,40.54,0,5797.22,USA,,317.603
2024-12-01,P6,Product_6,115,41.64,15,4070.3100000000004,USA,,317.603
2024-12-01,P7,Product_7,86,25.62,0,2203.32,USA,,317.603
2024-12-01,P8,Product_8,95,5.72,5,516.2299999999999,USA,,317.603
2024-12-01,P9,Product_9,127,43.95,15,4744.4025,USA,,317.603
2024-12-01,P10,Product_10,57,46.38,0,2643.6600000000003,USA,,317.603
2024-12-01,P11,Product_11,109,9.74,0,1061.66,USA,,317.603
2024-12-01,P12,Product_12,88,13.66,0,1202.08,USA,,317.603
2024-12-01,P13,Product_13,122,17.51,15,1815.7870000000003,USA,,317.603
2024-12-01,P14,Product_14,135,15.98,5,2049.435,USA,,317.603
2024-12-01,P15,Product_15,52,15.47,10,723.9960000000001,USA,,317.603
2024-12-01,P16,Product_16,169,16.65,15,2391.7725,USA,,317.603
2024-12-01,P17,Product_17,188,15.95,5,2848.6699999999996,USA,,317.603
2024-12-01,P18,Product_18,196,29.49,10,5202.036,USA,,317.603
2024-12-01,P19,Product_19,50,11.67,0,583.5,USA,,317.603
2024-12-01,P20,Product_20,52,33.07,15,1461.694,USA,,317.603
2024-12-01,P21,Product_21,184,33.91,5,5927.467999999999,USA,,317.603
2024-12-01,P22,Product_22,55,40.32,5,2106.72,USA,,317.603
2024-12-01,P23,Product_23,172,19.01,15,2779.262,USA,,317.603
2024-12-01,P24,Product_24,183,43.19,0,7903.7699999999995,USA,,317.603
2024-12-01,P25,Product_25,93,46.57,0,4331.01,USA,,317.603
2024-12-01,P26,Product_26,67,47.43,10,2860.029,USA,,317.603
2024-12-01,P27,Product_27,179,22.76,5,3870.338,USA,,317.603
2024-12-01,P28,Product_28,65,25.8,5,1593.1499999999999,USA,,317.603
2024-12-01,P29,Product_29,87,29.69,0,2583.03,USA,,317.603
2024-12-01,P30,Product_30,65,19.72,10,1153.62,USA,,317.603
2024-12-01,P31,Product_31,75,48.95,15,3120.5625,USA,,317.603
2024-12-01,P32,Product_32,98,41.87,0,4103.259999999999,USA,,317.603
2024-12-01,P33,Product_33,107,28.13,5,2859.4145,USA,,317.603
2024-12-01,P34,Product_34,76,13.06,0,992.5600000000001,USA,,317.603
2024-12-01,P35,Product_35,80,24.15,5,1835.3999999999999,USA,,317.603
2024-12-01,P36,Product_36,188,42.7,0,8027.6,USA,,317.603
2024-12-01,P37,Product_37,56,9.14,15,435.064,USA,,317.603
2024-12-01,P38,Product_38,145,34.7,15,4276.775,USA,,317.603
2024-12-01,P39,Product_39,172,29.97,0,5154.84,USA,,317.603
2024-12-01,P40,Product_40,77,33.82,5,2473.9329999999995,USA,,317.603
2024-12-01,P41,Product_41,81,12.34,0,999.54,USA,,317.603
2024-12-01,P42,Product_42,155,44.28,10,6177.06,USA,,317.603
2024-12-01,P43,Product_43,87,43.14,15,3190.203,USA,,317.603
2024-12-01,P44,Product_44,107,39.96,10,3848.148,USA,,317.603
2024-12-01,P45,Product_45,163,6.43,5,995.6854999999998,USA,,317.603
2024-12-01,P46,Product_46,51,21.13,5,1023.7484999999998,USA,,317.603
2024-12-01,P47,Product_47,181,33.09,0,5989.290000000001,USA,,317.603
2024-12-01,P48,Product_48,141,6.59,10,836.271,USA,,317.603
2024-12-01,P49,Product_49,62,31.13,0,1930.06,USA,,317.603
2024-12-01,P50,Product_50,121,24.69,10,2688.7410000000004,USA,,317.603
2024-12-08,P1,Product_1,78,18.59,15,1232.517,USA,,
2024-12-08,P2,Product_2,174,28.15,0,4898.099999999999,USA,,
2024-12-08,P3,Product_3,75,32.49,5,2314.9125,USA,,
2024-12-08,P4,Product_4,51,10.91,5,528.5894999999999,USA,,
2024-12-08,P5,Product_5,134,23.25,0,3115.5,USA,,
2024-12-08,P6,Product_6,89,10.48,15,792.812,USA,,
2024-12-08,P7,Product_7,91,49.27,10,4035.2130000000006,USA,,
2024-12-08,P8,Product_8,169,23.35,5,3748.8424999999997,USA,,
2024-12-08,P9,Product_9,60,14.94,5,851.5799999999999,USA,,
2024-12-08,P10,Product_10,181,23.46,15,3609.321,USA,,
2024-12-08,P11,Product_11,145,8.75,15,1078.4375,USA,,
2024-12-08,P12,Product_12,122,49.27,15,5109.299,USA,,
2024-12-08,P13,Product_13,83,29.92,15,2110.856,USA,,
2024-12-08,P14,Product_14,72,36.67,5,2508.228,USA,,
2024-12-08,P15,Product_15,119,29.74,15,3008.201,USA,,
2024-12-08,P16,Product_16,105,28.91,15,2580.2175,USA,,
2024-12-08,P17,Product_17,104,25.65,0,2667.6,USA,,
2024-12-08,P18,Product_18,199,42.09,5,7957.1145,USA,,
2024-12-08,P19,Product_19,101,38.39,5,3683.5204999999996,USA,,
2024-12-08,P20,Product_20,82,30.88,15,2152.336,USA,,
2024-12-08,P21,Product_21,180,21.57,5,3688.47,USA,,
2024-12-08,P22,Product_22,184,40.75,5,7123.099999999999,USA,,
2024-12-08,P23,Product_23,93,33.23,10,2781.351,USA,,
2024-12-08,P24,Product_24,162,25.56,10,3726.6479999999997,USA,,
2024-12-08,P25,Product_25,113,29.45,0,3327.85,USA,,
2024-12-08,P26,Product_26,144,39.57,15,4843.3679999999995,USA,,
2024-12-08,P27,Product_27,60,12.73,0,763.8000000000001,USA,,
2024-12-08,P28,Product_28,86,17.01,0,1462.8600000000001,USA,,
2024-12-08,P29,Product_29,92,47.16,10,3904.8479999999995,USA,,
2024-12-08,P30,Product_30,160,16.81,10,2420.64,USA,,
2024-12-08,P31,Product_31,98,45.26,10,3991.932,USA,,
2024-12-08,P32,Product_32,199,22.68,15,3836.3219999999997,USA,,
2024-12-08,P33,Product_33,94,37.09,10,3137.8140000000003,USA,,
2024-12-08,P34,Product_34,153,18.98,15,2468.349,USA,,
2024-12-08,P35,Product_35,159,18.78,15,2538.1169999999997,USA,,
2024-12-08,P36,Product_36,92,34.86,0,3207.12,USA,,
2024-12-08,P37,Product_37,123,26.76,0,3291.48,USA,,
2024-12-08,P38,Product_38,56,40.9,15,1946.84,USA,,
2024-12-08,P39,Product_39,169,49.65,10,7551.765,USA,,
2024-12-08,P40,Product_40,77,22.67,5,1658.3105,USA,,
2024-12-08,P41,Product_41,165,48.82,10,7249.77,USA,,
2024-12-08,P42,Product_42,55,46.58,10,2305.71,USA,,
2024-12-08,P43,Product_43,135,12.14,15,1393.065,USA,,
2024-12-08,P44,Product_44,77,15.18,5,1110.417,USA,,
2024-12-08,P45,Product_45,98,30.54,15,2543.982,USA,,
2024-12-08,P46,Product_46,51,31.03,10,1424.277,USA,,
2024-12-08,P47,Product_47,171,39.4,0,6737.4,USA,,
2024-12-08,P48,Product_48,149,31.2,15,3951.48,USA,,
2024-12-08,P49,Product_49,93,36.27,15,2867.1435,USA,,
2024-12-08,P50,Product_50,51,5.87,10,269.433,USA,,
2024-12-15,P1,Product_1,90,14.86,0,1337.3999999999999,USA,,
2024-12-15,P2,Product_2,82,34.05,15,2373.285,USA,,
2024-12-15,P3,Product_3,120,29.75,0,3570.0,USA,,
2024-12-15,P4,Product_4,51,44.61,0,2275.11,USA,,
2024-12-15,P5,Product_5,138,33.09,5,4338.099,USA,,
2024-12-15,P6,Product_6,199,31.59,15,5343.4484999999995,USA,,
2024-12-15,P7,Product_7,99,42.08,5,3957.624,USA,,
2024-12-15,P8,Product_8,50,44.73,5,2124.6749999999997,USA,,
2024-12-15,P9,Product_9,197,23.61,15,3953.4945,USA,,
2024-12-15,P10,Product_10,62,9.62,5,566.6179999999999,USA,,
2024-12-15,P11,Product_11,160,26.59,15,3616.24,USA,,
2024-12-15,P12,Product_12,82,25.33,10,1869.354,USA,,
2024-12-15,P13,Product_13,128,15.78,0,2019.84,USA,,
2024-12-15,P14,Product_14,82,40.97,15,2855.609,USA,,
2024-12-15,P15,Product_15,124,12.61,5,1485.4579999999999,USA,,
2024-12-15,P16,Product_16,140,40.79,15,4854.009999999999,USA,,
2024-12-15,P17,Product_17,51,8.39,15,363.7065,USA,,
2024-12-15,P18,Product_18,181,21.67,5,3726.1565,USA,,
2024-12-15,P19,Product_19,184,12.06,10,1997.136,USA,,
2024-12-15,P20,Product_20,95,38.41,0,3648.95,USA,,
2024-12-15,P21,Product_21,174,23.34,5,3858.102,USA,,
2024-12-15,P22,Product_22,191,10.49,15,1703.0515,USA,,
2024-12-15,P23,Product_23,68,10.81,0,735.08,USA,,
2024-12-15,P24,Product_24,110,34.22,10,3387.7799999999997,USA,,
2024-12-15,P25,Product_25,60,38.97,0,2338.2,USA,,
2024-12-15,P26,Product_26,158,30.36,10,4317.192,USA,,
2024-12-15,P27,Product_27,74,28.06,0,2076.44,USA,,
2024-12-15,P28,Product_28,169,5.08,10,772.668,USA,,
2024-12-15,P29,Product_29,94,45.69,10,3865.374,USA,,
2024-12-15,P30,Product_30,100,10.58,0,1058.0,USA,,
2024-12-15,P31,Product_31,137,35.54,10,4382.081999999999,USA,,
2024-12-15,P32,Product_32,175,37.08,15,5515.65,USA,,
2024-12-15,P33,Product_33,50,44.33,0,2216.5,USA,,
2024-12-15,P34,Product_34,188,12.85,0,2415.7999999999997,USA,,
2024-12-15,P35,Product_35,175,42.02,0,7353.500000000001,USA,,
2024-12-15,P36,Product_36,73,43.44,15,2695.4519999999998,USA,,
2024-12-15,P37,Product_37,73,46.69,10,3067.533,USA,,
2024-12-15,P38,Product_38,51,47.22,0,2408.22,USA,,
2024-12-15,P39,Product_39,114,41.58,0,4740.12,USA,,
2024-12-15,P40,Product_40,146,45.13,0,6588.9800000000005,USA,,
2024-12-15,P41,Product_41,111,35.16,5,3707.6219999999994,USA,,
2024-12-15,P42,Product_42,165,24.95,10,3705.0750000000003,USA,,
2024-12-15,P43,Product_43,146,11.37,15,1411.017,USA,,
2024-12-15,P44,Product_44,156,9.91,5,1468.662,USA,,
2024-12-15,P45,Product_45,195,17.48,5,3238.1699999999996,USA,,
2024-12-15,P46,Product_46,142,18.0,15,2172.6,USA,,
2024-12-15,P47,Product_47,151,18.51,10,2515.5090000000005,USA,,
2024-12-15,P48,Product_48,93,27.62,0,2568.6600000000003,USA,,
2024-12-15,P49,Product_49,56,35.95,0,2013.2000000000003,USA,,
2024-12-15,P50,Product_50,58,11.04,10,576.288,USA,,
2024-12-22,P1,Product_1,145,43.84,0,6356.8,USA,,
2024-12-22,P2,Product_2,170,28.31,10,4331.43,USA,,
2024-12-22,P3,Product_3,170,6.38,0,1084.6,USA,,
2024-12-22,P4,Product_4,118,6.58,15,659.974,USA,,
2024-12-22,P5,Product_5,152,36.57,5,5280.708,USA,,
2024-12-22,P6,Product_6,86,21.03,15,1537.2930000000001,USA,,
2024-12-22,P7,Product_7,117,47.21,5,5247.3915,USA,,
2024-12-22,P8,Product_8,180,43.87,10,7106.94,USA,,
2024-12-22,P9,Product_9,162,22.92,10,3341.7360000000003,USA,,
2024-12-22,P10,Product_10,79,20.45,0,1615.55,USA,,
2024-12-22,P11,Product_11,98,45.39,0,4448.22,USA,,
2024-12-22,P12,Product_12,57,32.49,5,1759.3335,USA,,
2024-12-22,P13,Product_13,136,8.41,10,1029.384,USA,,
2024-12-22,P14,Product_14,185,43.09,15,6775.9025,USA,,
2024-12-22,P15,Product_15,98,35.3,5,3286.4299999999994,USA,,
2024-12-22,P16,Product_16,130,24.11,15,2664.1549999999997,USA,,
2024-12-22,P17,Product_17,149,38.02,5,5381.731,USA,,
2024-12-22,P18,Product_18,185,19.4,0,3588.9999999999995,USA,,
2024-12-22,P19,Product_19,83,31.8,15,2243.4900000000002,USA,,
2024-12-22,P20,Product_20,157,45.95,10,6492.735000000001,USA,,
2024-12-22,P21,Product_21,144,30.9,0,4449.599999999999,USA,,
2024-12-22,P22,Product_22,56,19.33,10,974.2320000000001,USA,,
2024-12-22,P23,Product_23,65,9.54,0,620.0999999999999,USA,,
2024-12-22,P24,Product_24,102,24.95,0,2544.9,USA,,
2024-12-22,P25,Product_25,80,28.26,10,2034.7200000000003,USA,,
2024-12-22,P26,Product_26,115,21.46,15,2097.715,USA,,
2024-12-22,P27,Product_27,183,34.89,0,6384.87,USA,,
2024-12-22,P28,Product_28,161,47.8,10,6926.219999999999,USA,,
2024-12-22,P29,Product_29,128,21.54,0,2757.12,USA,,
2024-12-22,P30,Product_30,53,12.4,5,624.34,USA,,
2024-12-22,P31,Product_31,121,46.64,5,5361.268,USA,,
2024-12-22,P32,Product_32,160,44.53,10,6412.320000000001,USA,,
2024-12-22,P33,Product_33,148,6.71,0,993.08,USA,,
2024-12-22,P34,Product_34,189,11.59,5,2080.9844999999996,USA,,
2024-12-22,P35,Product_35,145,48.09,10,6275.745,USA,,
2024-12-22,P36,Product_36,143,36.17,15,4396.4635,USA,,
2024-12-22,P37,Product_37,117,43.45,0,5083.650000000001,USA,,
2024-12-22,P38,Product_38,67,37.36,5,2377.964,USA,,
2024-12-22,P39,Product_39,165,47.21,0,7789.650000000001,USA,,
2024-12-22,P40,Product_40,65,47.26,0,3071.9,USA,,
2024-12-22,P41,Product_41,124,40.35,15,4252.89,USA,,
2024-12-22,P42,Product_42,155,29.77,10,4152.915000000001,USA,,
2024-12-22,P43,Product_43,65,45.88,15,2534.8700000000003,USA,,
2024-12-22,P44,Product_44,83,13.34,10,996.498,USA,,
2024-12-22,P45,Product_45,149,21.88,5,3097.1139999999996,USA,,
2024-12-22,P46,Product_46,56,40.62,10,2047.2479999999998,USA,,
2024-12-22,P47,Product_47,129,15.63,5,1915.4565,USA,,
2024-12-22,P48,Product_48,73,18.63,15,1155.9915,USA,,
2024-12-22,P49,Product_49,114,36.61,0,4173.54,USA,,
2024-12-22,P50,Product_50,178,20.23,10,3240.846,USA,,
